node_id,node_type
SHR_UKIE_CDW_PROD.UKIE_CDW_PROD_DMT_CDW_CREST.DMT_TLU_PRODUCT,object
ONEKEY,object
CTE_BRAND,object
SHR_UKIE_CDW_PROD.UKIE_CDW_PROD_DMT_CDW_CREST.DMT_TFT_SALES_CEP_DAY,object
SHR_UKIE_CDW_PROD.UKIE_CDW_PROD_DMT_CDW_CREST.DMT_TLU_CUSTOMER,object
CTE_MAX_HCO_ID,object
CTE_MAIN_QUERY,object
SHR_DF_CI_PROD.DF_CI_PROD_DMT_CIA_CREST.DIM_HCO,object
CTE_PACK_DESC,object
V_GEOGRAPHY_SUBNATIONAL_ADAPT_UKIE,object
V_GEOGRAPHY_SUBNATIONAL_ADAPT_LTM,object
V_GEOGRAPHY_SUBNATIONAL_ADAPT_BR,object
CREST_DATA_DEV.GTMC_ADAPT_TRANSFORMATIONS.V_PRODUCT_ISP_ALL_ADAPT_BR,object
CREST_DATA_DEV.GTMC_ADAPT_TRANSFORMATIONS.V_PRODUCT_ISP_ALL_ADAPT_LTM,object
CREST_DATA_DEV.GTMC_ADAPT_TRANSFORMATIONS.V_PRODUCT_ISP_ALL_ADAPT_UKIE,object
SHR_COMM_BRA_PROD.COMM_BRA_PROD_DWH_PAP_IQVIA_ED.DWH_M_ED,object
SHR_DF_MARKET_PROD.DF_MARKET_PROD_DMT_ONEPRODUCT.DT_ONEPRODUCT_PKPR,object
SHR_DF_MARKET_UAT.DF_MARKET_UAT_DMT_SALES_MARKET_SN_CREST.PRODUCT_LOCAL_CODE,object
SHR_DF_MARKET_UAT.DF_MARKET_UAT_DMT_SALES_MARKET_SN_CREST.PRODUCT,object
V_XREF_ADAPT_LTM_GOB360_TO_MOLECULE_LIST,object
SHR_COMM_LTM_DEV.COMM_LTM_DEV_DMT_LTM.DMT_MX_GOB360_BASE,object
SHR_COMM_LTM_DEV.COMM_LTM_DEV_DMT_LTM.DMT_MX_AR_DDD_BASE,object
V_PATIENT_ADAPT_UKIE,object
V_XREF_ADAPT_LTM_GOB360_TO_BRAND,object
CREST_DATA_DEV.GTMC_CREST.V_DT_ONEPRODUCT_PKPR_ENHANCED,object
CREST_DATA_DEV.GTMC_MSDF_TRANSFORMATIONS.V_CHANNEL_MSDF,object
CREST_DATA_DEV.GTMC_ADAPT_TRANSFORMATIONS.V_CHANNEL_ADAPT,object
SHR_DF_MARKET_PROD.DF_MARKET_PROD_DMT_ONEPRODUCT.DT_ONEPRODUCT_CE,object
SHR_DF_CI_PROD.DF_CI_PROD_DMT_CIA_CREST.DIM_TEAM,object
CREST_DATA_DEV.GTMC_CREST.V_TEAM_TO_BRAND_DISEASE,object
LMID_BRAND,object
SHR_DF_CI_PROD.DF_CI_PROD_DMT_CIA_CREST.DIM_TEAM_TERRITORY,object
SHR_COMM_IBE_PROD.COMM_IBE_PROD_DMT_COMM_IBE.VW_FCT_SALES_IN_ADJUSTED_WITH_TERR_PT,object
SHR_COMM_GSA_PROD.COMM_GSA_PROD_DMT_COMM_GSA.VW_DIM_EMP_TERR_ASSIGNMENT,object
RANKED_SALES_IT,object
FINAL_DUPI_ALIGMENT_CH,object
RANKED_SALES_DE,object
SHR_COMM_GSA_PROD.COMM_GSA_PROD_DMT_COMM_GSA.VW_DIM_CUST_TERR_ASSIGNMENT,object
SHR_COMM_IBE_PROD.COMM_IBE_PROD_DMT_COMM_IBE.VW_FCT_SALES_IN_ADJUSTED_WITH_TERR_ES,object
ACCOUNTS_EXTRACT_DE,object
FRANCE_ALIGNMENT,object
SHR_COMM_ITA_PROD.COMM_ITA_PROD_DMT_COMM_ITA.DIM_CUST_TERR_ASSIGNMENT,object
SHR_COMM_GSA_PROD.COMM_GSA_PROD_DMT_COMM_GSA.VW_DIM_HCO,object
SHR_COMM_IBE_PROD.COMM_IBE_PROD_DMT_COMM_IBE.VW_DIM_TEAM,object
BASE_VIEW_DUPI_CH,object
SHR_COMM_GSA_PROD.COMM_GSA_PROD_DMT_COMM_GSA.VW_DIM_PRODUCT_LMID,object
SHR_COMM_GSA_PROD.COMM_GSA_PROD_DMT_COMM_GSA.VW_DIM_PRODUCT_BRAND,object
RANKED_SALES_CH,object
SHR_COMM_GSA_PROD.COMM_GSA_PROD_DMT_COMM_GSA.VW_DIM_TERRITORY_HIERARCHY,object
SHR_DF_CI_PROD.DF_CI_PROD_DMT_CIA_CREST.DIM_TERRITORY_BRICK,object
SHR_DF_CI_PROD.DF_CI_PROD_DMT_CIA_CREST.DIM_TERRITORY_HIERARCHY,object
SHR_COMM_GSA_PROD.COMM_GSA_PROD_DMT_COMM_GSA.VW_DIM_TERRITORY_BRICK,object
SHR_COMM_GSA_PROD.COMM_GSA_PROD_DMT_COMM_GSA.VW_DIM_PRODUCT_GMID,object
IQVIA_BRICK_DE,object
SHR_COMM_ITA_PROD.COMM_ITA_PROD_DMT_COMM_ITA.DIM_CUST_BRAND_TO_TERR_EXCEP,object
SHR_COMM_IBE_PROD.COMM_IBE_PROD_DMT_COMM_IBE.VW_DIM_TERRITORY,object
SHR_DF_CI_PROD.DF_CI_PROD_DMT_CIA_CREST.DIM_HCO_BRICK,object
SHR_COMM_GSA_PROD.COMM_GSA_PROD_DMT_COMM_GSA.VW_FCT_INVOICE,object
SHR_DF_CI_PROD.DF_CI_PROD_DMT_CIA_CREST.DIM_TERRITORY,object
DUPIX_SALES,object
RANKED_SALES_ES,object
SHR_COMM_IBE_PROD.COMM_IBE_PROD_DMT_COMM_IBE.VW_DIM_HCO,object
SHR_COMM_GSA_PROD.COMM_GSA_PROD_DMT_COMM_GSA.VW_DIM_CUSTOMER,object
SHR_COMM_GSA_PROD.COMM_GSA_PROD_DMT_COMM_GSA.VW_DIM_ZIP_TO_STATE,object
SHR_DF_CI_PROD.DF_CI_PROD_DMT_CIA_CREST.DIM_EMP_TERR_ASSIGNMENT,object
SHR_COMM_GSA_PROD.COMM_GSA_PROD_DMT_COMM_GSA.VW_IQVIA_BRICK,object
RANKED_SALES_PT,object
CUST_BRAND_QTY,object
SHR_COMM_ITA_PROD.COMM_ITA_PROD_DMT_COMM_ITA.DIM_HCO_BRICK,object
CREST_DATA_DEV.GTMC_SANDBOX.V_TEAM_TO_BRAND_DISEASE,object
V_TEAM_TO_BRAND_DISEASE,object
PRODUCT_MARKET_ISP_ALL,object
MARKET_DISEASE,object
SHR_DF_MARKET_PROD.DF_MARKET_PROD_DMT_SALES_MARKET_SN_CREST.MARKET,object
CREST_DATA_DEV.GTMC_MSDF_TRANSFORMATIONS.PRODUCT_MARKET_ISP_ALL_MSDF,object
CREST_DATA_DEV.GTMC_MSDF_TRANSFORMATIONS.V_TEAM_TO_BRAND_DISEASE_CORRECTED,object
SHR_DF_MARKET_UAT.DF_MARKET_UAT_DMT_SALES_MARKET_SN_CREST.MARKET,object
CREST_DATA_DEV.GTMC_SANDBOX.TFT_SALES_CEP_DAY_FOCUSED_SOCIAL,object
V_TEAM_TO_BRAND_DISEASE_CANDIDATES,object
CREST_DATA_DEV.GTMC_MSDF_TRANSFORMATIONS.V_PRODUCT_ISP_ALL_INTERIM,object
CREST_DATA_DEV.GTMC_CREST.PRODUCT_MARKET_ISP_ALL,object
CREST_DATA_DEV.GTMC_MSDF_TRANSFORMATIONS.V_XREF_MARKET_PRODUCT_ISP_ALL_OLD_TO_MDM_PRODUCT_ID,object
CREST_DATA_DEV.GTMC_MSDF_TRANSFORMATIONS.V_XREF_MDM_PRODUCT_ID_TO_PRODUCT_ISP_ALL_OLD,object
SHR_DF_MARKET_PROD.DF_MARKET_PROD_DMT_SALES_MARKET_SN_CREST.MARKET_PRODUCT_ISP_ALL,object
CREST_DATA_DEV.GTMC_ADAPT_TRANSFORMATIONS.V_XREF_ADAPT_UKIE_PATIENT_SALES_TO_CALENDAR,object
CREST_DATA_DEV.GTMC_ADAPT_TRANSFORMATIONS.V_XREF_ADAPT_UKIE_TFT_SOCIAL_TO_CALENDAR,object
V_INSTITUCION_TO_UNIDAD_MX_UNIQUE,object
V_XREF_ADAPT_LTM_GOB360_TO_GEOGRAPHY_SUBNATIONAL,object
V_XREF_ADAPT_LTM_MX_DDD_BASE_WIDE_TO_GEOGRAPHY_SUBNATIONAL,object
V_XREF_ADAPT_UKIE_PATIENT_SALES_TO_GLOBAL_CORPORATION,object
V_XREF_ADAPT_UKIE_PATIENT_SALES_TO_LOCAL_BRAND,object
V_XREF_ADAPT_UKIE_PATIENT_SALES_TO_BRAND,object
V_XREF_ADAPT_UKIE_PATIENT_SALES_TO_MOLECULE_LIST,object
V_XREF_ADAPT_UKIE_PATIENT_SALES_TO_HARMONIZED_GLOBAL_PRODUCT,object
SHR_UKIE_CDW_PROD.UKIE_CDW_PROD_DMT_CDW_CREST.DMT_PATIENT_SALES,object
V_XREF_ADAPT_UKIE_PATIENT_SALES_TO_HARMONIZED_LOCAL_BRAND,object
V_XREF_ADAPT_UKIE_PATIENT_SALES_TO_LOCAL_MANUFACTURER,object
V_XREF_ADAPT_UKIE_PATIENT_SALES_TO_PRODUCT_ID_ISP_ALL,object
V_XREF_ADAPT_UKIE_PATIENT_SALES_TO_ATC4,object
TFT_SALES_CEP_DAY_FOCUSED_SOCIAL,object
V_XREF_ADAPT_LTM_MX_DDD_BASE_WIDE_TO_BRAND,object
V_XREF_ADAPT_UKIE_TFT_SALES_CEP_DAY_TO_COUNTRY,object
V_XREF_ADAPT_UKIE_TFT_SALES_CEP_DAY_TO_ORDER_CD,object
V_XREF_ADAPT_UKIE_TFT_SALES_CEP_DAY_TO_CALENDAR,object
V_XREF_ADAPT_UKIE_TFT_SALES_CEP_DAY_TO_CUSTOMER_CD,object
V_XREF_ADAPT_UKIE_TFT_SALES_CEP_DAY_TO_ORDER_ITEM_CD,object
V_XREF_ADAPT_UKIE_TFT_SALES_CEP_DAY_TO_GMID_ID,object
V_XREF_ADAPT_UKIE_TFT_SALES_CEP_DAY_TO_PRODUCT_ID_ISP_ALL,object
V_XREF_ADAPT_UKIE_TFT_SALES_CEP_DAY_TO_SOURCE_SYSTEM_CD,object
V_XREF_ADAPT_UKIE_TFT_SOCIAL_TO_CALENDAR,object
V_XREF_ADAPT_UKIE_TFT_SOCIAL_TO_COUNTRY,object
V_XREF_ADAPT_UKIE_TFT_SOCIAL_TO_PRODUCT_ID_ISP_ALL,object
V_XREF_ADAPT_UKIE_TFT_SOCIAL_TO_CHANNEL,object
V_XREF_ADAPT_UKIE_TFT_SOCIAL_TO_CUSTOMER,object
V_XREF_ADAPT_UKIE_TFT_SOCIAL_TO_GEOGRAPHY_SUBNATIONAL,object
CREST_DATA_DEV.GTMC_CREST.V_GEOGRAPHY_SUBNATIONAL,object
CREST_DATA_DEV.GTMC_CREST.V_CUSTOMER,object
CREST_DATA_DEV.GTMC_CREST.SALES_SUBNATIONAL_ISP_ALL,object
CREST_DATA_DEV.GTMC_MSDF_TRANSFORMATIONS.V_TEAM_TO_SANOFI_MARKETS,object
CREST_DATA_DEV.GTMC_ADAPT_TRANSFORMATIONS.V_XREF_ADAPT_UKIE_PATIENT_SALES_TO_ORDER_NUMBER,object
SHR_DF_MARKET_UAT.DF_MARKET_UAT_DMT_SALES_MARKET_SN_CREST.GEOGRAPHY_SUBNATIONAL,object
CREST_DATA_DEV.GTMC_ADAPT_TRANSFORMATIONS.PRODUCT_ISP_ALL_ADAPT,object
CREST_DATA_DEV.GTMC_MSDF_TRANSFORMATIONS.PRODUCT_ISP_ALL_MSDF,object
CREST_DATA_DEV.GTMC_ADAPT_TRANSFORMATIONS.SALES_SUBNATIONAL_ISP_ALL_ADAPT_VF,object
CREST_DATA_DEV.GTMC_MSDF_TRANSFORMATIONS.SALES_SUBNATIONAL_ISP_ALL_MSDF,object
V_TEAM_TO_MARKETS_CANDIDATES,object
CREST_DATA_DEV.GTMC_CREST.V_MARKET_DISEASE,object
SHR_DF_MARKET_UAT.DF_MARKET_UAT_DMT_SALES_MARKET_SN_CREST.CALENDAR,object
V_XREF_ADAPT_BR_TO_CUSTOMER,object
CREST_DATA_DEV.GTMC_ADAPT_TRANSFORMATIONS.V_XREF_ADAPT_LTM_GOB360_TO_CUSTOMER,object
PRODUCT_ISP_ALL_ADAPT,object
CREST_DATA_DEV.GTMC_ADAPT_TRANSFORMATIONS.V_MARKET_PRODUCT_MARKET_ISP_ALL_ADAPT,object
V_SALES_ORDER_ADAPT_UKIE,object
CREST_DATA_DEV.GTMC_ADAPT_TRANSFORMATIONS.PRODUCT_MARKET_ISP_ALL_ADAPT,object
SHR_DF_MARKET_UAT.DF_MARKET_UAT_DMT_SALES_MARKET_SN_CREST.CHANNEL,object
CREST_DATA_DEV.GTMC_CREST.V_XREF_BRAND_IDS_TO_LCL_BRND_IDS_ONEPRODUCT,object
CREST_DATA_DEV.GTMC_CREST.V_BRAND_LOCAL_NAME_ONEPRODUCT,object
V_XREF_ADAPT_BR_TO_SALES_AGGREGATION,object
V_XREF_ADAPT_BR_TO_PRODUCT_ID_ISP_ALL,object
V_XREF_ADAPT_BR_TO_CHANNEL,object
V_XREF_ADAPT_BR_TO_CALENDAR,object
V_XREF_ADAPT_BR_TO_GEOGRAPHY_SUBNATIONAL,object
CREST_DATA_DEV.GTMC_MSDF_TRANSFORMATIONS.V_CUSTOMER_MSDF,object
CREST_DATA_DEV.GTMC_ADAPT_TRANSFORMATIONS.V_CUSTOMER_ADAPT,object
V_XREF_ADAPT_UKIE_PATIENT_SALES_TO_CUSTOMER,object
CREST_DATA_DEV.GTMC_ADAPT_TRANSFORMATIONS.V_XREF_ADAPT_UKIE_TFT_SOCIAL_TO_SALES_SUBNATIONAL_ISP_ALL,object
CREST_DATA_DEV.GTMC_ADAPT_TRANSFORMATIONS.V_XREF_ADAPT_UKIE_PATIENT_SALES_TO_SALES_SUBNATIONAL_ISP_ALL,object
CREST_DATA_DEV.GTMC_CREST.V_XREF_HRMZD_LCL_BRAND_IDS_TO_HRMZD_GBL_BRND_IDS_ONEPRODUCT,object
V_XREF_ADAPT_BR_TO_HARMONIZED_LOCAL_BRAND,object
CREST_DATA_DEV.GTMC_CREST.V_HARMONIZED_GLOBAL_PRODUCT_ONEPRODUCT,object
DMT_MX_DDD_BASE_WIDE,object
CREST_DATA_DEV.GTMC_CREST.TEAM_TO_MARKETS,object
SHR_DF_CI_PROD.DF_CI_PROD_DMT_CIA_CREST.DIM_BRAND,object
SHR_DF_CI_PROD.DF_CI_PROD_DMT_CIA_CREST.DIM_BRAND_DISEASE,object
SHR_DF_CI_PROD.DF_CI_PROD_DMT_CIA_CREST.DIM_TERRITORY_BRAND,object
V_TEAM_OCCP_BRAND_DISEASES,object
SHR_DF_MARKET_PROD.DF_MARKET_PROD_DMT_SALES_MARKET_SN_CREST.COUNTRY_HIERARCHY,object
CREST_DATA_DEV.GTMC_MSDF_TRANSFORMATIONS.V_PRODUCT_ISP_ALL_MSDF,object
CREST_DATA_DEV.GTMC_MSDF_TRANSFORMATIONS.V_MARKET_PRODUCT_MARKET_ISP_ALL_INTERIM,object
CREST_DATA_DEV.GTMC_MSDF_TRANSFORMATIONS.V_XREF_MOLECULE_LIST_HARMONIZED_GLOBAL_PRODUCT_TO_WW_MARKETS_DUPLICATE,object
CREST_DATA_DEV.GTMC_MSDF_TRANSFORMATIONS.V_XREF_MOLECULE_LIST_ATC_CLSF_CD_TO_WW_MARKETS_UNIQUE,object
CREST_DATA_DEV.GTMC_MSDF_TRANSFORMATIONS.V_XREF_MOLECULE_LIST_HARMONIZED_GLOBAL_PRODUCT_TO_WW_MARKETS_UNIQUE,object
CREST_DATA_DEV.GTMC_MSDF_TRANSFORMATIONS.V_VALIDATED_HARMONIZED_GLOBAL_PRODUCTS,object
CREST_DATA_DEV.GTMC_MSDF_TRANSFORMATIONS.V_XREF_BRAND_IDS_TO_ATC_CLSF_CDS,object
SHR_DF_MARKET_PROD.DF_MARKET_PROD_DMT_SALES_MARKET_SN_CREST.SALES_SUBNATIONAL_ISP_ALL,object
SHR_DF_MARKET_UAT.DF_MARKET_UAT_DMT_SALES_MARKET_SN_CREST.PRODUCT_ISP_ALL,object
CREST_DATA_DEV.GTMC_MSDF_TRANSFORMATIONS.V_XREF_HARMONIZED_LOCAL_BRANDS_TO_ATC_CLSF_CDS,object
SHR_DF_MARKET_UAT.DF_MARKET_UAT_DMT_SALES_MARKET_SN_CREST.SALES_SUBNATIONAL_ISP_ALL,object
SHR_DF_MARKET_PROD.DF_MARKET_PROD_DMT_SALES_MARKET_SN_CREST.PRODUCT_ISP_ALL,object
PRODUCT_ISP_ALL_MSDF,object
GTMC_SANDBOX.V_MARKET_HARMONIZED_GLOBAL_PRODUCT_MSDF,object
CREST_DATA_DEV.GTMC_SANDBOX.V_XREF_MOLECULE_LIST_ATC_CLSF_CD_TO_WW_MARKETS_UNIQUE,object
CREST_DATA_DEV.GTMC_SANDBOX.V_MARKET_HARMONIZED_GLOBAL_PRODUCT_MSDF,object
SHR_COMM_LTM_DEV.COMM_LTM_DEV_DMT_LTM.DMT_LTM_COPAC,object
CREST_DATA_DEV.GTMC_XFOUNDATION_XREFERENCES.V_XREF_MARKET_IDS_TO_GLOBAL_DISEASE_CD_LIST,object
SHR_DF_MARKET_PROD.DF_MARKET_PROD_DMT_SALES_MARKET_SN_CREST.CRM_GEO_HIERARCHY,object
SHR_DF_MARKET_PROD.DF_MARKET_PROD_DMT_SALES_MARKET_SN_CREST.CUSTOMER,object
CREST_DATA_DEV.GTMC_CREST.GEOGRAPHY_SUBNATIONAL,object
SHR_DF_CI_PROD.DF_CI_PROD_DMT_CIA_CREST.DIM_BRICK,object
CREST_DATA_DEV.GTMC_ADAPT_TRANSFORMATIONS.V_XREF_ADAPT_BR_TO_CALENDAR,object
V_XREF_ADAPT_UKIE_PATIENT_SALES_TO_CHANNEL,object
SHR_UKIE_CDW_PROD.UKIE_CDW_PROD_DMT_CDW_CREST.DMT_PATIENTS,object
V_PRODUCT_ISP_ALL_ADAPT_UKIE_PATIENT_SALES,object
V_PRODUCT_ISP_ALL_ADAPT_UKIE_TFT_SOCIAL,object
CREST_DATA_DEV.GTMC_ADAPT_TRANSFORMATIONS.V_XREF_ADAPT_BR_TO_LOCAL_MANUFACTURER,object
CREST_DATA_DEV.GTMC_ADAPT_TRANSFORMATIONS.V_XREF_ADAPT_BR_TO_ATC4,object
CREST_DATA_DEV.GTMC_ADAPT_TRANSFORMATIONS.V_XREF_ADAPT_BR_TO_MSDF_BRAND_HIERARCHY,object
CREST_DATA_DEV.GTMC_ADAPT_TRANSFORMATIONS.V_XREF_ADAPT_BR_TO_MSDF_BRANDS,object
CREST_DATA_DEV.GTMC_ADAPT_TRANSFORMATIONS.V_XREF_ADAPT_BR_TO_PRODUCT_ID_ISP_ALL,object
CREST_DATA_DEV.GTMC_ADAPT_TRANSFORMATIONS.V_XREF_ADAPT_BR_TO_BRAND,object
CREST_DATA_DEV.GTMC_ADAPT_TRANSFORMATIONS.V_XREF_ADAPT_BR_TO_MOLECULE_LIST,object
CREST_DATA_DEV.GTMC_ADAPT_TRANSFORMATIONS.V_XREF_ADAPT_BR_TO_LOCAL_BRAND,object
CREST_DATA_DEV.GTMC_ADAPT_TRANSFORMATIONS.V_XREF_ADAPT_BR_TO_GLOBAL_CORPORATION,object
CREST_DATA_DEV.GTMC_ADAPT_TRANSFORMATIONS.V_XREF_ADAPT_BR_TO_SALES_AGGREGATION,object
CREST_DATA_DEV.GTMC_ADAPT_TRANSFORMATIONS.V_XREF_ADAPT_BR_TO_SALES_SUBNATIONAL_ISP_ALL,object
SHR_DF_MARKET_UAT.DF_MARKET_UAT_DMT_SALES_MARKET_SN_CREST.SOURCE,object
CREST_DATA_DEV.GTMC_ADAPT_TRANSFORMATIONS.V_SOURCE_ADAPT,object
V_PRODUCT_ISP_ALL_ADAPT_LTM_MX_DDD_BASE_WIDE,object
V_PRODUCT_ISP_ALL_ADAPT_LTM_GOB360,object
CREST_DATA_DEV.GTMC_CREST.V_MOLECULE_LIST,object
SHR_DF_CI_PROD.DF_CI_PROD_DMT_CIA_CREST.DIM_TEAM_TERR_ASSIGNMENT,object
SHR_DF_MARKET_PROD.DF_MARKET_PROD_DMT_COMM_SALES.DIM_CUSTOMER,object
CREST_DATA_DEV.GTMC_ADAPT_TRANSFORMATIONS.V_SALES_ORDER_ADAPT,object
V_TEAM_TO_SANOFI_MARKETS,object
SHR_DF_MARKET_PROD.DF_MARKET_PROD_DMT_SALES_MARKET_SN_CREST.GEOGRAPHY_SUBNATIONAL,object
V_TEAM_TO_SANOFI_MARKETS_MSDF_CANDIDATES,object
CREST_DATA_DEV.GTMC_XFOUNDATION_XREFERENCES.V_XREF_CE_INN_TO_MSDF_MOLECULE_LIST,object
CREST_DATA_DEV.GTMC_CREST.V_MARKET,object
CREST_DATA_DEV.GTMC_CREST.GEO_CUSTOMER,object
CREST_DATA_DEV.GTMC_CREST.SALES_SUBNATIONAL_ISP_ALL_MKTS,object
CREST_DATA_DEV.GTMC_CREST.V_TEAM_SOURCE_MARKET_TO_REFERENCE_MEASURES,object
CREST_DATA_DEV.GTMC_ADAPT_TRANSFORMATIONS.SALES_SUBNATIONAL_ISP_ALL_MKTS_ADAPT,object
CREST_DATA_DEV.GTMC_MSDF_TRANSFORMATIONS.SALES_SUBNATIONAL_ISP_ALL_MKTS_MSDF,object
V_XREF_ADAPT_LTM_MX_DDD_BASE_WIDE_TO_HARMONIZED_LOCAL_BRAND,object
CREST_DATA_DEV.GTMC_ADAPT_TRANSFORMATIONS.V_XREF_ADAPT_LTM_MX_DDD_BASE_WIDE_TO_LOCAL_MANUFACTURER,object
V_XREF_ADAPT_LTM_MX_DDD_BASE_WIDE_TO_HARMONIZED_GLOBAL_PRODUCT,object
CREST_DATA_DEV.GTMC_ADAPT_TRANSFORMATIONS.V_XREF_ADAPT_LTM_MX_DDD_BASE_WIDE_TO_LOCAL_BRAND,object
CREST_DATA_DEV.GTMC_ADAPT_TRANSFORMATIONS.V_XREF_ADAPT_LTM_MX_DDD_BASE_WIDE_TO_ATC4,object
V_XREF_ADAPT_LTM_MX_DDD_BASE_WIDE_TO_PRODUCT_ID_ISP_ALL,object
CREST_DATA_DEV.GTMC_ADAPT_TRANSFORMATIONS.V_XREF_ADAPT_LTM_MX_DDD_BASE_WIDE_TO_GLOBAL_CORPORATION,object
CREST_DATA_DEV.GTMC_ADAPT_TRANSFORMATIONS.V_XREF_ADAPT_LTM_MX_DDD_BASE_WIDE_TO_BRAND,object
CREST_DATA_DEV.GTMC_ADAPT_TRANSFORMATIONS.V_XREF_ADAPT_LTM_MX_DDD_BASE_WIDE_TO_MOLECULE_LIST,object
V_XREF_ADAPT_UKIE_TFT_SOCIAL_TO_BRAND,object
V_XREF_ADAPT_UKIE_TFT_SOCIAL_TO_HARMONIZED_LOCAL_BRAND,object
V_XREF_ADAPT_UKIE_TFT_SOCIAL_TO_MOLECULE_LIST,object
V_XREF_ADAPT_UKIE_TFT_SOCIAL_TO_LOCAL_BRAND,object
V_XREF_ADAPT_UKIE_TFT_SOCIAL_TO_GLOBAL_CORPORATION,object
V_XREF_ADAPT_UKIE_TFT_SOCIAL_TO_HARMONIZED_GLOBAL_PRODUCT,object
V_XREF_ADAPT_UKIE_TFT_SOCIAL_TO_LOCAL_MANUFACTURER,object
V_XREF_ADAPT_UKIE_TFT_SOCIAL_TO_ATC4,object
V_SALES_AGGREGATION_ADAPT_BR,object
CREST_DATA_DEV.GTMC_CREST.V_XREF_LCL_MANUFACTURER_TO_GLOBAL_CORPORATON_ONEPRODUCT,object
CREST_DATA_DEV.GTMC_CREST.V_GLOBAL_CORPORATION_ONEPRODUCT,object
SHR_DF_MARKET_UAT.DF_MARKET_UAT_DMT_SALES_MARKET_SN_CREST.PRODUCT_LOCAL_CODE_ISP_ALL,object
CREST_DATA_DEV.GTMC_CREST.HCO_TO_TERRITORY,object
CREST_DATA_DEV.GTMC_CREST.TEAM_TO_BRAND_DISEASE,object
CREST_DATA_DEV.GTMC_CREST.V_DMT_SALES_IN_CREDITED_SALES,object
SHR_DF_MARKET_PROD.DF_MARKET_PROD_DMT_COMM_SALES.DMT_DELIVERY,object
SHR_DF_MARKET_PROD.DF_MARKET_PROD_DMT_COMM_SALES.DMT_INVOICE,object
SHR_DF_MARKET_PROD.DF_MARKET_PROD_DMT_COMM_SALES.DIM_PRODUCT,object
SHR_DF_MARKET_PROD.DF_MARKET_PROD_DMT_COMM_SALES.DMT_SALES_ORDERS,object
CREST_DATA_DEV.GTMC_CREST.DMT_SALES_IN_CREDITED_SALES,object
TEAM_TO_MARKETS,object
CREST_DATA_DEV.GTMC_MSDF_TRANSFORMATIONS.V_MARKET_PRODUCT_MARKET_ISP_ALL_MSDF,object
V_XREF_MOLECULE_LIST_TO_BRND_NAME_MX_UNIQUE,object
V_XREF_MOLECULE_LIST_TO_GBL_CORP_MX_UNIQUE,object
V_XREF_ADAPT_UKIE_PATIENT_SALES_TO_CALENDAR,object
SHR_DF_CI_UAT.DF_CI_UAT_DMT_CIA_CREST.DIM_HCO,object
CREST_DATA_DEV.GTMC_CREST.V_TEAM_TO_MARKETS_CANDIDATES,object
SHR_DF_CI_PROD.DF_CI_PROD_DMT_CIA_CREST.FCT_REP_F2F,object
SHR_DF_MARKET_UAT.DF_MARKET_UAT_DMT_SALES_MARKET_SN_CREST.BRAND,object
SHR_DF_MARKET_UAT.DF_MARKET_UAT_DMT_SALES_MARKET_SN_CREST.COUNTRY,object
SHR_COMM_ITA_PROD.COMM_ITA_PROD_DMT_COMM_ITA.DMT_SALES_IN_TERR,object
SHR_COMM_ITA_PROD.COMM_ITA_PROD_DMT_COMM_ITA.DIM_TERRITORY,object
SHR_COMM_ITA_PROD.COMM_ITA_PROD_DMT_COMM_ITA.DIM_TERRITORY_BU_NAME,object
SHR_COMM_ITA_PROD.COMM_ITA_PROD_DMT_COMM_ITA.DIM_TEAM,object
SHR_COMM_ITA_PROD.COMM_ITA_PROD_DMT_COMM_ITA.DMT_SALES_IN,object
V_CUSTOMER_ADAPT_LTM,object
V_CUSTOMER_ADAPT_BR,object
V_CUSTOMER_ADAPT_UKIE,object
V_DIM_CUST_TEAM_TO_TERRITORY,object
CREST_DATA_DEV.GTMC_CREST.DMT_SALES_IN,object
V_XREF_ADAPT_LTM_GOB360_TO_PRODUCT_ID_ISP_ALL,object
CREST_DATA_DEV.GTMC_ADAPT_TRANSFORMATIONS.V_XREF_ADAPT_LTM_GOB360_TO_LOCAL_BRAND,object
V_XREF_ADAPT_LTM_GOB360_TO_HARMONIZED_GLOBAL_PRODUCT,object
CREST_DATA_DEV.GTMC_ADAPT_TRANSFORMATIONS.V_XREF_ADAPT_LTM_GOB360_TO_LOCAL_MANUFACTURER,object
CREST_DATA_DEV.GTMC_ADAPT_TRANSFORMATIONS.V_XREF_ADAPT_LTM_GOB360_TO_ATC4,object
CREST_DATA_DEV.GTMC_ADAPT_TRANSFORMATIONS.V_XREF_ADAPT_LTM_GOB360_TO_BRAND,object
V_XREF_ADAPT_LTM_GOB360_TO_HARMONIZED_LOCAL_BRAND,object
CREST_DATA_DEV.GTMC_ADAPT_TRANSFORMATIONS.V_XREF_ADAPT_LTM_GOB360_TO_MOLECULE_LIST,object
CREST_DATA_DEV.GTMC_ADAPT_TRANSFORMATIONS.V_XREF_ADAPT_LTM_GOB360_TO_GLOBAL_CORPORATION,object
CREST_DATA_DEV.GTMC_MSDF_TRANSFORMATIONS.V_XREF_BRAND_MOLECULE_LISTS_TO_ATC_CLSF_CDS,object
SHR_DF_MARKET_UAT.DF_MARKET_UAT_DMT_SALES_MARKET_SN_CREST.CUSTOMER,object
SHR_COMM_BRA_DEV.COMM_BRA_DEV_DWH_PAP_IQVIA_ED.DWH_M_ED,object
SHR_DF_MARKET_PROD.DF_MARKET_PROD_DMT_SALES_MARKET_SN_CREST.CHANNEL,object
CREST_DATA_DEV.GTMC_ADAPT_TRANSFORMATIONS.V_XREF_ADAPT_LATAM_TO_CALENDAR,object
CREST_DATA_DEV.GTMC_ADAPT_TRANSFORMATIONS.V_XREF_ADAPT_LATAM_TO_CHANNEL,object
CREST_DATA_DEV.GTMC_ADAPT_TRANSFORMATIONS.V_XREF_ADAPT_LATAM_TO_GEOGRAPHY_SUBNATIONAL,object
COMBINED_DATA,object
CO_MODIFIED_CHANNEL,object
CREST_DATA_DEV.GTMC_ADAPT_TRANSFORMATIONS.V_XREF_ADAPT_LATAM_TO_PRODUCT_ID_ISP_ALL,object
CREST_DATA_DEV.GTMC_ADAPT_TRANSFORMATIONS.V_CUSTOMER_ADAPT_LTM,object
V_XREF_ADAPT_LTM_MX_DDD_BASE_WIDE_TO_CHANNEL,object
V_XREF_ADAPT_LTM_MX_DDD_BASE_WIDE_TO_CALENDAR,object
SHR_DF_MARKET_UAT.DF_MARKET_UAT_DMT_SALES_MARKET_SN_CREST.INGREDIENT_LST,object
SALES_SUBNATIONAL_ISP_ALL_ADAPT,object
V_XREF_MOLECULE_LIST_TO_LCL_MANUFACTURER_MX_UNIQUE,object
CREST_DATA_DEV.GTMC_SANDBOX.V_XREF_BRAND_IDS_TO_ATC_CLSF_CDS,object
CREST_DATA_DEV.GTMC_CREST.V_DMT_SALES_IN_ACTIVE_CREST_TEAMS,object
V_TEAM_TO_MARKETS_MSDF_CANDIDATES,object
V_CE_GEO_STATES,object
V_CE_POSTAL_CODES,object
CREST_DATA_DEV.GTMC_ADAPT_TRANSFORMATIONS.V_GEOGRAPHY_SUBNATIONAL_ADAPT,object
CREST_DATA_DEV.GTMC_MSDF_TRANSFORMATIONS.V_GEOGRAPHY_SUBNATIONAL_MSDF,object
V_CALENDAR_ADAPT_UKIE,object
V_CALENDAR_ADAPT_BR,object
V_CHANNEL_ADAPT_BR,object
V_CHANNEL_ADAPT_UKIE,object
CREST_DATA_DEV.GTMC_CREST.V_XREF_BRAND_IDS_TO_HRMZD_LCL_BRND_IDS_ONEPRODUCT,object
CREST_DATA_DEV.GTMC_CREST.V_HARMONIZED_LOCAL_BRAND_ONEPRODUCT,object
SHR_DF_MARKET_PROD.DF_MARKET_PROD_DMT_SALES_MARKET_SN_CREST.PRODUCT_LOCAL_CODE_ISP_ALL,object
CREST_DATA_DEV.GTMC_ADAPT_TRANSFORMATIONS.SALES_SUBNATIONAL_ISP_ALL_ADAPT,object
CREST_DATA_DEV.GTMC_ADAPT_TRANSFORMATIONS.V_PRODUCT_MARKET_ISP_ALL_ADAPT,object
CREST_DATA_DEV.GTMC_MSDF_TRANSFORMATIONS.V_CALENDAR_MSDF,object
CREST_DATA_DEV.GTMC_ADAPT_TRANSFORMATIONS.V_CALENDAR_ADAPT,object
CREST_DATA_DEV.GTMC_ADAPT_TRANSFORMATIONS.V_XREF_ADAPT_BR_TO_HARMONIZED_LOCAL_BRAND,object
CREST_DATA_DEV.GTMC_ADAPT_TRANSFORMATIONS.V_XREF_ADAPT_BR_TO_HARMONIZED_GLOBAL_PRODUCT,object
CREST_DATA_DEV.GTMC_ADAPT_TRANSFORMATIONS.V_SALES_AGGREGATION_ADAPT,object
V_CRM_GEO_HIERARCHY_MSDF,object
SHR_COMM_BRA_DEV.COMM_BRA_DEV_DMT_PAP.DIM_V_PDV,object
SHR_COMM_BRA_DEV.COMM_BRA_DEV_DMT_PAP.DIM_BRICK_CIDADE,object
V_DMT_MX_GOB360_BASE_INTERIM,object
V_PRODUCT_ISP_ALL_INTERIM,object
SHR_DF_MARKET_PROD.DF_MARKET_PROD_DMT_SALES_MARKET_SN_CREST.PRODUCT,object
V_SALES_SUBNATIONAL_ISP_ALL_ADAPT_LTM,object
V_SALES_SUBNATIONAL_ISP_ALL_ADAPT_UKIE,object
V_SALES_SUBNATIONAL_ISP_ALL_ADAPT_BR,object
V_XREF_ADAPT_LTM_GOB360_TO_SALES_SUBNATIONAL_ISP_ALL,object
V_XREF_ADAPT_LTM_MX_DDD_BASE_WIDE_TO_SALES_SUBNATIONAL_ISP_ALL,object
V_XREF_ADAPT_LTM_GOB360_TO_CALENDAR,object
V_XREF_ADAPT_LTM_GOB360_TO_SALES_EVENT_CLASSIFICATION,object
V_XREF_ADAPT_LTM_GOB360_TO_CHANNEL,object
V_XREF_ADAPT_LTM_GOB360_TO_PURCHASE_TYPE,object
V_DMT_MX_GOB360_BASE_WIDE,object
V_XREF_ADAPT_LTM_GOB360_TO_PROVIDER,object
V_XREF_ADAPT_LTM_GOB360_TO_CUSTOMER,object
CREST_DATA_DEV.GTMC_ADAPT_TRANSFORMATIONS.V_PATIENT_ADAPT,object
V_TEAM_TO_SANOFI_MARKETS_CANDIDATES,object
SHR_DF_MARKET_UAT.DF_MARKET_UAT_DMT_ONEPRODUCT.DT_ONEPRODUCT_CE,object
CREST_DATA_DEV.GTMC_XFOUNDATION_XREFERENCES.V_XREF_CE_GLOBAL_BRAND_NAME_TO_MSDF_HARMONIZED_GLOBAL_PRODUCT,object
V_XREF_CE_GLOBAL_BRAND_NAME_TO_MSDF_HARMONIZED_GLOBAL_PRODUCT,object
CREST_DATA_DEV.GTMC_CREST.V_FACT_TEAM,object
TEAM_TO_MARKET_DEFINITIONS,object
CREST_DATA_DEV.GTMC_ADAPT_TRANSFORMATIONS.TFT_SALES_CEP_DAY_FOCUSED_SOCIAL,object
CREST_DATA_DEV.GTMC_ADAPT_TRANSFORMATIONS.V_PRODUCT_ISP_ALL_ADAPT,object
CREST_DATA_DEV.GTMC_ADAPT_TRANSFORMATIONS.V_XREF_ADAPT_LTM_MX_AR_DDD_BASE_TO_CALENDAR,object
CREST_DATA_DEV.GTMC_ADAPT_TRANSFORMATIONS.V_XREF_MOLECULE_LIST_TO_BRND_NAME_MX_UNIQUE,object
CREST_DATA_DEV.GTMC_ADAPT_TRANSFORMATIONS.V_XREF_ADAPT_UKIE_TFT_SALES_CEP_DAY_TO_PRODUCT_ID_ISP_ALL,object
CREST_DATA_DEV.GTMC_CREST.V_CHANNEL,object
CREST_DATA_DEV.GTMC_CREST.V_MASTER_ADAPT_TERRITORY_ALIGMENT,object
CREST_DATA_DEV.GTMC_CREST.V_TEAM_TO_SANOFI_MARKETS_CANDIDATES,object
CREST_DATA_DEV.GTMC_ADAPT_TRANSFORMATIONS.V_XREF_ADAPT_UKIE_TFT_SOCIAL_TO_HARMONIZED_GLOBAL_PRODUCT,object
CREST_DATA_DEV.GTMC_CREST.V_XREF_BRAND_IDS_TO_HRMZD_GBL_BRND_IDS_ONEPRODUCT,object
CREST_DATA_DEV.GTMC_MSDF_TRANSFORMATIONS.V_TEAM_TO_SANOFI_MARKETS_MSDF_CANDIDATES,object
CREST_DATA_DEV.GTMC_ZAIDYN.V_PRODUCT,object
CREST_DATA_DEV.GTMC_ADAPT_TRANSFORMATIONS.V_CALENDAR_ADAPT_UKIE,object
CREST_DATA_DEV.GTMC_ADAPT_TRANSFORMATIONS.V_DMT_MX_GOB360_BASE_INTERIM,object
CREST_DATA_DEV.GTMC_ADAPT_TRANSFORMATIONS.V_GEOGRAPHY_SUBNATIONAL_ADAPT_LTM,object
CREST_DATA_DEV.GTMC_ADAPT_TRANSFORMATIONS.V_PRODUCT_ISP_ALL_ADAPT_UKIE_PATIENT_SALES,object
CREST_DATA_DEV.GTMC_ADAPT_TRANSFORMATIONS.V_XREF_ADAPT_LTM_MX_DDD_BASE_WIDE_TO_HARMONIZED_LOCAL_BRAND,object
CREST_DATA_DEV.GTMC_ADAPT_TRANSFORMATIONS.V_XREF_ADAPT_UKIE_PATIENT_SALES_TO_GLOBAL_CORPORATION,object
CREST_DATA_DEV.GTMC_ADAPT_TRANSFORMATIONS.V_XREF_ADAPT_UKIE_TFT_SALES_CEP_DAY_TO_DMT_SALES_ORDERS,object
CREST_DATA_DEV.GTMC_ADAPT_TRANSFORMATIONS.V_XREF_ADAPT_UKIE_TFT_SOCIAL_TO_LOCAL_BRAND,object
CREST_DATA_DEV.GTMC_CREST.V_GEO_CUSTOMER,object
CREST_DATA_DEV.GTMC_MSDF_TRANSFORMATIONS.TEAM_TO_MARKET_DEFINITIONS,object
CREST_DATA_DEV.GTMC_ADAPT_TRANSFORMATIONS.V_SALES_ORDER_ADAPT_UKIE,object
CREST_DATA_DEV.GTMC_ADAPT_TRANSFORMATIONS.V_XREF_ADAPT_UKIE_TFT_SOCIAL_TO_GEOGRAPHY_SUBNATIONAL,object
CREST_DATA_DEV.GTMC_ADAPT_TRANSFORMATIONS.V_XREF_ADAPT_UKIE_TO_PRODUCT_ID_ISP_ALL,object
CREST_DATA_DEV.GTMC_CREST.V_PRODUCT_ISP_ALL,object
CREST_DATA_DEV.GTMC_CREST.V_SALES_SUBNATIONAL_ISP_ALL,object
CREST_DATA_DEV.GTMC_CREST.V_TEAM_TO_MARKETS,object
CREST_DATA_DEV.GTMC_ADAPT_TRANSFORMATIONS.V_XREF_ADAPT_UKIE_PATIENT_SALES_TO_MOLECULE_LIST,object
CREST_DATA_DEV.GTMC_ADAPT_TRANSFORMATIONS.V_CUSTOMER_ADAPT_BR,object
CREST_DATA_DEV.GTMC_ADAPT_TRANSFORMATIONS.V_INSTITUCION_TO_UNIDAD_MX_UNIQUE,object
CREST_DATA_DEV.GTMC_ADAPT_TRANSFORMATIONS.V_TEAM_TO_SANOFI_MARKETS_ADAPT_CANDIDATES,object
CREST_DATA_DEV.GTMC_ADAPT_TRANSFORMATIONS.V_XREF_ADAPT_BR_TO_CHANNEL,object
CREST_DATA_DEV.GTMC_ADAPT_TRANSFORMATIONS.V_CUSTOMER_ADAPT_UKIE,object
CREST_DATA_DEV.GTMC_ADAPT_TRANSFORMATIONS.V_SALES_SUBNATIONAL_ISP_ALL_ADAPT_UKIE,object
CREST_DATA_DEV.GTMC_ADAPT_TRANSFORMATIONS.V_XREF_ADAPT_LTM_GOB360_TO_HARMONIZED_GLOBAL_PRODUCT,object
CREST_DATA_DEV.GTMC_ADAPT_TRANSFORMATIONS.V_XREF_ADAPT_LTM_MX_DDD_BASE_WIDE_TO_CALENDAR,object
CREST_DATA_DEV.GTMC_ADAPT_TRANSFORMATIONS.V_XREF_ADAPT_UKIE_PATIENT_SALES_TO_ATC4,object
CREST_DATA_DEV.GTMC_ADAPT_TRANSFORMATIONS.V_XREF_ADAPT_UKIE_PATIENT_SALES_TO_PRODUCT_ID_ISP_ALL,object
CREST_DATA_DEV.GTMC_CREST.V_TEAM_TO_BRAND_DISEASE_CANDIDATES,object
CREST_DATA_DEV.GTMC_MSDF_TRANSFORMATIONS.V_PRODUCT_ISP_ALL_MDM_PRODUCTS,object
CREST_DATA_DEV.GTMC_MSDF_TRANSFORMATIONS.V_PRODUCT_ISP_ALL_NON_MDM_PRODUCTS_WO_BRND_NAMES_NON_NHS,object
CREST_DATA_DEV.GTMC_MSDF_TRANSFORMATIONS.V_SALES_SUBNATIONAL_ISP_ALL_MSDF,object
CREST_DATA_DEV.GTMC_MSDF_TRANSFORMATIONS.V_XREF_ATC_CLSF_CD_TO_WW_MARKETS_DUPLICATE,object
CREST_DATA_DEV.GTMC_ADAPT_TRANSFORMATIONS.V_XREF_ADAPT_LATAM_TO_MOLECULE_LIST,object
CREST_DATA_DEV.GTMC_ADAPT_TRANSFORMATIONS.V_XREF_ADAPT_UKIE_TFT_SOCIAL_TO_BRAND,object
CREST_DATA_DEV.GTMC_CREST.V_CE_GEO_STATES,object
CREST_DATA_DEV.GTMC_MSDF_TRANSFORMATIONS.V_CRM_GEO_HIERARCHY_MSDF,object
CREST_DATA_DEV.GTMC_XFOUNDATION_XREFERENCES.V_XREF_MSDF_BRICK_TO_CE_BRICK,object
CREST_DATA_DEV.GTMC_ADAPT_TRANSFORMATIONS.DMT_MX_DDD_BASE_WIDE,object
CREST_DATA_DEV.GTMC_ADAPT_TRANSFORMATIONS.V_CALENDAR_ADAPT_BR,object
CREST_DATA_DEV.GTMC_ADAPT_TRANSFORMATIONS.V_CHANNEL_ADAPT_UKIE,object
CREST_DATA_DEV.GTMC_ADAPT_TRANSFORMATIONS.V_PATIENT_ADAPT_UKIE,object
CREST_DATA_DEV.GTMC_ADAPT_TRANSFORMATIONS.V_XREF_ADAPT_LTM_GOB360_TO_HARMONIZED_LOCAL_BRAND,object
CREST_DATA_DEV.GTMC_ADAPT_TRANSFORMATIONS.V_SALES_AGGREGATION_ADAPT_BR,object
CREST_DATA_DEV.GTMC_ADAPT_TRANSFORMATIONS.V_SALES_SUBNATIONAL_ISP_ALL_ADAPT_BR,object
CREST_DATA_DEV.GTMC_ADAPT_TRANSFORMATIONS.V_XREF_ADAPT_UKIE_TFT_SOCIAL_TO_MOLECULE_LIST,object
CREST_DATA_DEV.GTMC_ADAPT_TRANSFORMATIONS.V_XREF_MOLECULE_LIST_TO_LCL_MANUFACTURER_MX_UNIQUE,object
CREST_DATA_DEV.GTMC_CREST.V_LOCAL_MANUFACTURER_ONEPRODUCT,object
CREST_DATA_DEV.GTMC_CREST.V_SOURCE,object
CREST_DATA_DEV.GTMC_ADAPT_TRANSFORMATIONS.V_XREF_ADAPT_UKIE_TFT_SALES_CEP_DAY_TO_SOURCE_SYSTEM_CD,object
CREST_DATA_DEV.GTMC_CREST.V_HCO_TO_TERRITORY,object
CREST_DATA_DEV.GTMC_CREST.V_SALES_ORDER,object
CREST_DATA_DEV.GTMC_MSDF_TRANSFORMATIONS.V_TEAM_TO_SANOFI_MARKETS_MSDF,object
CREST_DATA_DEV.GTMC_ZAIDYN.V_RAW_SALES,object
CREST_DATA_DEV.GTMC_ADAPT_TRANSFORMATIONS.V_XREF_ADAPT_LTM_GOB360_TO_CALENDAR,object
CREST_DATA_DEV.GTMC_CREST.V_SALES_SUBNATIONAL_ISP_ALL_MKTS,object
CREST_DATA_DEV.GTMC_ADAPT_TRANSFORMATIONS.V_GEOGRAPHY_SUBNATIONAL_ADAPT_BR,object
CREST_DATA_DEV.GTMC_ADAPT_TRANSFORMATIONS.V_PRODUCT_ISP_ALL_ADAPT_LTM_MX_DDD_BASE_WIDE,object
CREST_DATA_DEV.GTMC_ADAPT_TRANSFORMATIONS.V_PRODUCT_ISP_ALL_ADAPT_UKIE_TFT_SOCIAL,object
CREST_DATA_DEV.GTMC_ADAPT_TRANSFORMATIONS.V_XREF_ADAPT_LTM_GOB360_TO_SALES_EVENT_CLASSIFICATION,object
CREST_DATA_DEV.GTMC_ADAPT_TRANSFORMATIONS.V_XREF_ADAPT_LTM_MX_DDD_BASE_WIDE_TO_PRODUCT_ID_ISP_ALL,object
CREST_DATA_DEV.GTMC_ADAPT_TRANSFORMATIONS.V_XREF_ADAPT_UKIE_TFT_SOCIAL_TO_CHANNEL,object
CREST_DATA_DEV.GTMC_ADAPT_TRANSFORMATIONS.V_XREF_ADAPT_UKIE_TFT_SOCIAL_TO_GLOBAL_CORPORATION,object
CREST_DATA_DEV.GTMC_ADAPT_TRANSFORMATIONS.V_XREF_ADAPT_UKIE_TFT_SOCIAL_TO_PRODUCT_ID_ISP_ALL,object
CREST_DATA_DEV.GTMC_CREST.V_DQ_SALES_IN_VALIDATION_PROMOTED_BRANDS,object
CREST_DATA_DEV.GTMC_CREST.V_FOUNDATION,object
CREST_DATA_DEV.GTMC_CREST.V_TEAM_TO_CREST_MARKET_DEFINITIONS,object
CREST_DATA_DEV.GTMC_MSDF_TRANSFORMATIONS.V_PRODUCT_ISP_ALL_COMM_SALES_INVOICE_PRODUCTS,object
CREST_DATA_DEV.GTMC_ADAPT_TRANSFORMATIONS.V_XREF_ADAPT_LTM_GOB360_TO_PURCHASE_TYPE,object
CREST_DATA_DEV.GTMC_ADAPT_TRANSFORMATIONS.V_XREF_ADAPT_UKIE_PATIENT_SALES_TO_BRAND,object
CREST_DATA_DEV.GTMC_ADAPT_TRANSFORMATIONS.V_XREF_ADAPT_UKIE_PATIENT_SALES_TO_CUSTOMER,object
CREST_DATA_DEV.GTMC_ADAPT_TRANSFORMATIONS.V_XREF_ADAPT_UKIE_TFT_SALES_CEP_DAY_TO_ORDER_ITEM_CD,object
CREST_DATA_DEV.GTMC_ADAPT_TRANSFORMATIONS.V_XREF_ADAPT_UKIE_TFT_SOCIAL_TO_CUSTOMER,object
CREST_DATA_DEV.GTMC_CREST.V_TEAM_OCCP_BRAND_DISEASES,object
CREST_DATA_DEV.GTMC_MSDF_TRANSFORMATIONS.V_BRAND_MSDF,object
CREST_DATA_DEV.GTMC_MSDF_TRANSFORMATIONS.V_MDM_PRODUCTS_W_MISSING_ATC_CLSF_CD,object
CREST_DATA_DEV.GTMC_MSDF_TRANSFORMATIONS.V_MDM_PRODUCTS_W_MISSING_MOLECULE_LISTS,object
CREST_DATA_DEV.GTMC_MSDF_TRANSFORMATIONS.V_PRODUCT_ISP_ALL_NON_MDM_PRODUCTS_WO_BRND_NAMES_NHS,object
CREST_DATA_DEV.GTMC_ADAPT_TRANSFORMATIONS.V_XREF_ADAPT_UKIE_TFT_SALES_CEP_DAY_TO_COUNTRY,object
CREST_DATA_DEV.GTMC_CREST.V_CE_POSTAL_CODES,object
CREST_DATA_DEV.GTMC_ADAPT_TRANSFORMATIONS.V_ALIGNED_SALES_ADAPT_IT,object
CREST_DATA_DEV.GTMC_ADAPT_TRANSFORMATIONS.V_ALIGNED_SALES_ADAPT_NPF_IT,object
CREST_DATA_DEV.GTMC_ADAPT_TRANSFORMATIONS.V_DMT_SALES_IN_BY_HCO_TEAM_TERRITORY,object
CREST_DATA_DEV.GTMC_ADAPT_TRANSFORMATIONS.V_PRODUCT_ISP_ALL_ADAPT_LTM_GOB360,object
CREST_DATA_DEV.GTMC_ADAPT_TRANSFORMATIONS.V_XREF_ADAPT_BR_TO_CUSTOMER,object
CREST_DATA_DEV.GTMC_ADAPT_TRANSFORMATIONS.V_XREF_ADAPT_BR_TO_GEOGRAPHY_SUBNATIONAL,object
CREST_DATA_DEV.GTMC_ADAPT_TRANSFORMATIONS.V_XREF_ADAPT_LATAM_TO_SALES_SUBNATIONAL_ISP_ALL,object
CREST_DATA_DEV.GTMC_ADAPT_TRANSFORMATIONS.V_XREF_ADAPT_LTM_MX_DDD_BASE_WIDE_TO_SALES_SUBNATIONAL_ISP_ALL,object
CREST_DATA_DEV.GTMC_ADAPT_TRANSFORMATIONS.V_XREF_ADAPT_UKIE_PATIENT_SALES_TO_PATIENT,object
CREST_DATA_DEV.GTMC_ADAPT_TRANSFORMATIONS.V_XREF_ADAPT_UKIE_TFT_SALES_CEP_DAY_TO_ORDER_CD,object
CREST_DATA_DEV.GTMC_ADAPT_TRANSFORMATIONS.V_XREF_ADAPT_UKIE_TO_LOCAL_MANUFACTURER,object
CREST_DATA_DEV.GTMC_MSDF_TRANSFORMATIONS.V_NON_MDM_PRODUCTS_W_MISSING_ATC_CLSF_CD,object
CREST_DATA_DEV.GTMC_ADAPT_TRANSFORMATIONS.V_XREF_ADAPT_UKIE_PATIENT_SALES_TO_CHANNEL,object
CREST_DATA_DEV.GTMC_ADAPT_TRANSFORMATIONS.V_XREF_ADAPT_UKIE_TO_MOLECULE_LIST,object
CREST_DATA_DEV.GTMC_CREST.V_DMT_SALES_IN_TEAM_CONTROL_TOTALS,object
CREST_DATA_DEV.GTMC_MSDF_TRANSFORMATIONS.V_TEAM_TO_MARKETS_MSDF,object
CREST_DATA_DEV.GTMC_ADAPT_TRANSFORMATIONS.V_XREF_ADAPT_LTM_GOB360_TO_CHANNEL,object
CREST_DATA_DEV.GTMC_ADAPT_TRANSFORMATIONS.V_XREF_ADAPT_UKIE_TFT_SOCIAL_TO_ATC4,object
CREST_DATA_DEV.GTMC_CREST.V_DMT_SALES_IN_ACTIVE_CREST_BRAND_DISEASE,object
CREST_DATA_DEV.GTMC_ADAPT_TRANSFORMATIONS.V_SALES_SUBNATIONAL_ISP_ALL_MKTS_ADAPT,object
CREST_DATA_DEV.GTMC_ADAPT_TRANSFORMATIONS.V_TEAM_TO_SANOFI_MARKETS_ADAPT,object
CREST_DATA_DEV.GTMC_ADAPT_TRANSFORMATIONS.V_XREF_ADAPT_UKIE_PATIENT_SALES_TO_HARMONIZED_LOCAL_BRAND,object
CREST_DATA_DEV.GTMC_ADAPT_TRANSFORMATIONS.V_XREF_ADAPT_UKIE_PATIENT_SALES_TO_LOCAL_BRAND,object
CREST_DATA_DEV.GTMC_ADAPT_TRANSFORMATIONS.V_XREF_ADAPT_UKIE_TFT_SOCIAL_TO_LOCAL_MANUFACTURER,object
CREST_DATA_DEV.GTMC_CREST.V_CALENDAR,object
CREST_DATA_DEV.GTMC_CREST.V_DMT_SALES_IN_ACTIVE_CREST_TEAMS_TO_TERRITORY,object
CREST_DATA_DEV.GTMC_ADAPT_TRANSFORMATIONS.V_XREF_ADAPT_UKIE_TFT_SOCIAL_TO_HARMONIZED_LOCAL_BRAND,object
CREST_DATA_DEV.GTMC_CREST.V_SALES_AGGREGATION,object
CREST_DATA_DEV.GTMC_MSDF_TRANSFORMATIONS.V_NON_MDM_PRODUCTS_W_MISSING_MOLECULE_LISTS,object
CREST_DATA_DEV.GTMC_MSDF_TRANSFORMATIONS.V_TEAM_TO_MARKETS,object
CREST_DATA_DEV.GTMC_MSDF_TRANSFORMATIONS.V_TEAM_TO_MARKETS_MSDF_CANDIDATES,object
CREST_DATA_DEV.GTMC_MSDF_TRANSFORMATIONS.V_XREF_BRICKS_FR_TO_TEAM_TERRITORIES,object
CREST_DATA_DEV.GTMC_SANDBOX.V_GEO_CODE_BR,object
CREST_DATA_DEV.GTMC_ZAIDYN.V_GEO_CODE,object
CREST_DATA_DEV.GTMC_ADAPT_TRANSFORMATIONS.V_XREF_ADAPT_UKIE_TFT_SALES_CEP_DAY_TO_CUSTOMER_CD,object
CREST_DATA_DEV.GTMC_ADAPT_TRANSFORMATIONS.V_CHANNEL_ADAPT_BR,object
CREST_DATA_DEV.GTMC_ADAPT_TRANSFORMATIONS.V_DMT_MX_GOB360_BASE_WIDE,object
CREST_DATA_DEV.GTMC_ADAPT_TRANSFORMATIONS.V_XREF_ADAPT_LTM_MX_DDD_BASE_WIDE_TO_GEOGRAPHY_SUBNATIONAL,object
CREST_DATA_DEV.GTMC_ADAPT_TRANSFORMATIONS.V_XREF_ADAPT_UKIE_PATIENT_SALES_TO_LOCAL_MANUFACTURER,object
CREST_DATA_DEV.GTMC_ADAPT_TRANSFORMATIONS.V_XREF_ADAPT_UKIE_TFT_SALES_CEP_DAY_TO_GMID_ID,object
CREST_DATA_DEV.GTMC_ADAPT_TRANSFORMATIONS.V_XREF_ADAPT_UKIE_TFT_SOCIAL_TO_COUNTRY,object
CREST_DATA_DEV.GTMC_ADAPT_TRANSFORMATIONS.V_XREF_MOLECULE_LIST_TO_GBL_CORP_MX_UNIQUE,object
CREST_DATA_DEV.GTMC_MSDF_TRANSFORMATIONS.V_PRODUCT_ISP_ALL_NON_MDM_PRODUCTS_W_BRND_NAMES,object
CREST_DATA_DEV.GTMC_ADAPT_TRANSFORMATIONS.V_GEOGRAPHY_SUBNATIONAL_ADAPT_UKIE,object
CREST_DATA_DEV.GTMC_ADAPT_TRANSFORMATIONS.V_SALES_SUBNATIONAL_ISP_ALL_ADAPT,object
CREST_DATA_DEV.GTMC_ADAPT_TRANSFORMATIONS.V_SALES_SUBNATIONAL_ISP_ALL_ADAPT_LTM,object
CREST_DATA_DEV.GTMC_ADAPT_TRANSFORMATIONS.V_XREF_ADAPT_LTM_GOB360_TO_PRODUCT_ID_ISP_ALL,object
CREST_DATA_DEV.GTMC_ADAPT_TRANSFORMATIONS.V_XREF_ADAPT_LTM_GOB360_TO_SALES_SUBNATIONAL_ISP_ALL,object
CREST_DATA_DEV.GTMC_ADAPT_TRANSFORMATIONS.V_XREF_ADAPT_LTM_MX_DDD_BASE_WIDE_TO_HARMONIZED_GLOBAL_PRODUCT,object
CREST_DATA_DEV.GTMC_ADAPT_TRANSFORMATIONS.V_XREF_ADAPT_UKIE_PATIENT_SALES_TO_HARMONIZED_GLOBAL_PRODUCT,object
CREST_DATA_DEV.GTMC_CREST.DIM_UNIQUE_HCO,object
CREST_DATA_DEV.GTMC_CREST.V_PATIENT,object
CREST_DATA_DEV.GTMC_ADAPT_TRANSFORMATIONS.V_XREF_ADAPT_LTM_GOB360_TO_GEOGRAPHY_SUBNATIONAL,object
CREST_DATA_DEV.GTMC_ADAPT_TRANSFORMATIONS.V_XREF_ADAPT_LTM_GOB360_TO_PROVIDER,object
CREST_DATA_DEV.GTMC_ADAPT_TRANSFORMATIONS.V_XREF_ADAPT_UKIE_TFT_SALES_CEP_DAY_TO_CALENDAR,object
CREST_DATA_DEV.GTMC_CREST.V_DQ_SALES_IN_VALIDATION,object
CREST_DATA_DEV.GTMC_CREST.V_PRODUCT_MARKET_ISP_ALL,object
CREST_DATA_DEV.GTMC_CREST.V_TEAM_TO_SANOFI_MARKETS,object
CREST_DATA_DEV.GTMC_MSDF_TRANSFORMATIONS.V_CANDIDATE_FRENCH_TEAM_BRICKS,object
CREST_DATA_DEV.GTMC_MSDF_TRANSFORMATIONS.V_FACT_TEAM,object
CREST_DATA_DEV.GTMC_MSDF_TRANSFORMATIONS.V_PRODUCT_MARKET_ISP_ALL_MSDF,object
CREST_DATA_DEV.GTMC_MSDF_TRANSFORMATIONS.V_SALES_SUBNATIONAL_ISP_ALL_MKTS_MSDF,object
CREST_DATA_DEV.GTMC_MSDF_TRANSFORMATIONS.V_XREF_ATC_CLSF_CD_TO_WW_MARKETS_UNIQUE,object
CREST_DATA_DEV.GTMC_XFOUNDATION_XREFERENCES.V_XREF_CE_LOCAL_BRAND_NAME_TO_MSDF_HARMONIZED_LOCAL_BRAND,object
CREST_DATA_DEV.GTMC_ZAIDYN.V_TEAM,object
CREST_DATA_DEV.GTMC_MSDF_TRANSFORMATIONS.V_CREST_MSDF_PRIORITY_MARKET_RECORDS,object
