id,label,group
SHR_UKIE_CDW_PROD.UKIE_CDW_PROD_DMT_CDW_CREST.DMT_TLU_PRODUCT,SHR_UKIE_CDW_PROD.UKIE_CDW_PROD_DMT_CDW_CREST.DMT_TLU_PRODUCT,SHR_UKIE_CDW_PROD
ONEKEY,ONEKEY,ONEKEY
CTE_BRAND,CTE_BRAND,CTE_BRAND
SHR_UKIE_CDW_PROD.UKIE_CDW_PROD_DMT_CDW_CREST.DMT_TFT_SALES_CEP_DAY,SHR_UKIE_CDW_PROD.UKIE_CDW_PROD_DMT_CDW_CREST.DMT_TFT_SALES_CEP_DAY,SHR_UKIE_CDW_PROD
SHR_UKIE_CDW_PROD.UKIE_CDW_PROD_DMT_CDW_CREST.DMT_TLU_CUSTOMER,SHR_UKIE_CDW_PROD.UKIE_CDW_PROD_DMT_CDW_CREST.DMT_TLU_CUSTOMER,SHR_UKIE_CDW_PROD
CTE_MAX_HCO_ID,CTE_MAX_HCO_ID,CTE_MAX_HCO_ID
CTE_MAIN_QUERY,CTE_MAIN_QUERY,CTE_MAIN_QUERY
SHR_DF_CI_PROD.DF_CI_PROD_DMT_CIA_CREST.DIM_HCO,SHR_DF_CI_PROD.DF_CI_PROD_DMT_CIA_CREST.DIM_HCO,SHR_DF_CI_PROD
CTE_PACK_DESC,CTE_PACK_DESC,CTE_PACK_DESC
V_GEOGRAPHY_SUBNATIONAL_ADAPT_UKIE,V_GEOGRAPHY_SUBNATIONAL_ADAPT_UKIE,V_GEOGRAPHY_SUBNATIONAL_ADAPT_UKIE
V_GEOGRAPHY_SUBNATIONAL_ADAPT_LTM,V_GEOGRAPHY_SUBNATIONAL_ADAPT_LTM,V_GEOGRAPHY_SUBNATIONAL_ADAPT_LTM
V_GEOGRAPHY_SUBNATIONAL_ADAPT_BR,V_GEOGRAPHY_SUBNATIONAL_ADAPT_BR,V_GEOGRAPHY_SUBNATIONAL_ADAPT_BR
CREST_DATA_DEV.GTMC_ADAPT_TRANSFORMATIONS.V_PRODUCT_ISP_ALL_ADAPT_BR,CREST_DATA_DEV.GTMC_ADAPT_TRANSFORMATIONS.V_PRODUCT_ISP_ALL_ADAPT_BR,CREST_DATA_DEV
CREST_DATA_DEV.GTMC_ADAPT_TRANSFORMATIONS.V_PRODUCT_ISP_ALL_ADAPT_LTM,CREST_DATA_DEV.GTMC_ADAPT_TRANSFORMATIONS.V_PRODUCT_ISP_ALL_ADAPT_LTM,CREST_DATA_DEV
CREST_DATA_DEV.GTMC_ADAPT_TRANSFORMATIONS.V_PRODUCT_ISP_ALL_ADAPT_UKIE,CREST_DATA_DEV.GTMC_ADAPT_TRANSFORMATIONS.V_PRODUCT_ISP_ALL_ADAPT_UKIE,CREST_DATA_DEV
SHR_COMM_BRA_PROD.COMM_BRA_PROD_DWH_PAP_IQVIA_ED.DWH_M_ED,SHR_COMM_BRA_PROD.COMM_BRA_PROD_DWH_PAP_IQVIA_ED.DWH_M_ED,SHR_COMM_BRA_PROD
SHR_DF_MARKET_PROD.DF_MARKET_PROD_DMT_ONEPRODUCT.DT_ONEPRODUCT_PKPR,SHR_DF_MARKET_PROD.DF_MARKET_PROD_DMT_ONEPRODUCT.DT_ONEPRODUCT_PKPR,SHR_DF_MARKET_PROD
SHR_DF_MARKET_UAT.DF_MARKET_UAT_DMT_SALES_MARKET_SN_CREST.PRODUCT_LOCAL_CODE,SHR_DF_MARKET_UAT.DF_MARKET_UAT_DMT_SALES_MARKET_SN_CREST.PRODUCT_LOCAL_CODE,SHR_DF_MARKET_UAT
SHR_DF_MARKET_UAT.DF_MARKET_UAT_DMT_SALES_MARKET_SN_CREST.PRODUCT,SHR_DF_MARKET_UAT.DF_MARKET_UAT_DMT_SALES_MARKET_SN_CREST.PRODUCT,SHR_DF_MARKET_UAT
V_XREF_ADAPT_LTM_GOB360_TO_MOLECULE_LIST,V_XREF_ADAPT_LTM_GOB360_TO_MOLECULE_LIST,V_XREF_ADAPT_LTM_GOB360_TO_MOLECULE_LIST
SHR_COMM_LTM_DEV.COMM_LTM_DEV_DMT_LTM.DMT_MX_GOB360_BASE,SHR_COMM_LTM_DEV.COMM_LTM_DEV_DMT_LTM.DMT_MX_GOB360_BASE,SHR_COMM_LTM_DEV
SHR_COMM_LTM_DEV.COMM_LTM_DEV_DMT_LTM.DMT_MX_AR_DDD_BASE,SHR_COMM_LTM_DEV.COMM_LTM_DEV_DMT_LTM.DMT_MX_AR_DDD_BASE,SHR_COMM_LTM_DEV
V_PATIENT_ADAPT_UKIE,V_PATIENT_ADAPT_UKIE,V_PATIENT_ADAPT_UKIE
V_XREF_ADAPT_LTM_GOB360_TO_BRAND,V_XREF_ADAPT_LTM_GOB360_TO_BRAND,V_XREF_ADAPT_LTM_GOB360_TO_BRAND
CREST_DATA_DEV.GTMC_CREST.V_DT_ONEPRODUCT_PKPR_ENHANCED,CREST_DATA_DEV.GTMC_CREST.V_DT_ONEPRODUCT_PKPR_ENHANCED,CREST_DATA_DEV
CREST_DATA_DEV.GTMC_MSDF_TRANSFORMATIONS.V_CHANNEL_MSDF,CREST_DATA_DEV.GTMC_MSDF_TRANSFORMATIONS.V_CHANNEL_MSDF,CREST_DATA_DEV
CREST_DATA_DEV.GTMC_ADAPT_TRANSFORMATIONS.V_CHANNEL_ADAPT,CREST_DATA_DEV.GTMC_ADAPT_TRANSFORMATIONS.V_CHANNEL_ADAPT,CREST_DATA_DEV
SHR_DF_MARKET_PROD.DF_MARKET_PROD_DMT_ONEPRODUCT.DT_ONEPRODUCT_CE,SHR_DF_MARKET_PROD.DF_MARKET_PROD_DMT_ONEPRODUCT.DT_ONEPRODUCT_CE,SHR_DF_MARKET_PROD
SHR_DF_CI_PROD.DF_CI_PROD_DMT_CIA_CREST.DIM_TEAM,SHR_DF_CI_PROD.DF_CI_PROD_DMT_CIA_CREST.DIM_TEAM,SHR_DF_CI_PROD
CREST_DATA_DEV.GTMC_CREST.V_TEAM_TO_BRAND_DISEASE,CREST_DATA_DEV.GTMC_CREST.V_TEAM_TO_BRAND_DISEASE,CREST_DATA_DEV
LMID_BRAND,LMID_BRAND,LMID_BRAND
SHR_DF_CI_PROD.DF_CI_PROD_DMT_CIA_CREST.DIM_TEAM_TERRITORY,SHR_DF_CI_PROD.DF_CI_PROD_DMT_CIA_CREST.DIM_TEAM_TERRITORY,SHR_DF_CI_PROD
SHR_COMM_IBE_PROD.COMM_IBE_PROD_DMT_COMM_IBE.VW_FCT_SALES_IN_ADJUSTED_WITH_TERR_PT,SHR_COMM_IBE_PROD.COMM_IBE_PROD_DMT_COMM_IBE.VW_FCT_SALES_IN_ADJUSTED_WITH_TERR_PT,SHR_COMM_IBE_PROD
SHR_COMM_GSA_PROD.COMM_GSA_PROD_DMT_COMM_GSA.VW_DIM_EMP_TERR_ASSIGNMENT,SHR_COMM_GSA_PROD.COMM_GSA_PROD_DMT_COMM_GSA.VW_DIM_EMP_TERR_ASSIGNMENT,SHR_COMM_GSA_PROD
RANKED_SALES_IT,RANKED_SALES_IT,RANKED_SALES_IT
FINAL_DUPI_ALIGMENT_CH,FINAL_DUPI_ALIGMENT_CH,FINAL_DUPI_ALIGMENT_CH
RANKED_SALES_DE,RANKED_SALES_DE,RANKED_SALES_DE
SHR_COMM_GSA_PROD.COMM_GSA_PROD_DMT_COMM_GSA.VW_DIM_CUST_TERR_ASSIGNMENT,SHR_COMM_GSA_PROD.COMM_GSA_PROD_DMT_COMM_GSA.VW_DIM_CUST_TERR_ASSIGNMENT,SHR_COMM_GSA_PROD
SHR_COMM_IBE_PROD.COMM_IBE_PROD_DMT_COMM_IBE.VW_FCT_SALES_IN_ADJUSTED_WITH_TERR_ES,SHR_COMM_IBE_PROD.COMM_IBE_PROD_DMT_COMM_IBE.VW_FCT_SALES_IN_ADJUSTED_WITH_TERR_ES,SHR_COMM_IBE_PROD
ACCOUNTS_EXTRACT_DE,ACCOUNTS_EXTRACT_DE,ACCOUNTS_EXTRACT_DE
FRANCE_ALIGNMENT,FRANCE_ALIGNMENT,FRANCE_ALIGNMENT
SHR_COMM_ITA_PROD.COMM_ITA_PROD_DMT_COMM_ITA.DIM_CUST_TERR_ASSIGNMENT,SHR_COMM_ITA_PROD.COMM_ITA_PROD_DMT_COMM_ITA.DIM_CUST_TERR_ASSIGNMENT,SHR_COMM_ITA_PROD
SHR_COMM_GSA_PROD.COMM_GSA_PROD_DMT_COMM_GSA.VW_DIM_HCO,SHR_COMM_GSA_PROD.COMM_GSA_PROD_DMT_COMM_GSA.VW_DIM_HCO,SHR_COMM_GSA_PROD
SHR_COMM_IBE_PROD.COMM_IBE_PROD_DMT_COMM_IBE.VW_DIM_TEAM,SHR_COMM_IBE_PROD.COMM_IBE_PROD_DMT_COMM_IBE.VW_DIM_TEAM,SHR_COMM_IBE_PROD
BASE_VIEW_DUPI_CH,BASE_VIEW_DUPI_CH,BASE_VIEW_DUPI_CH
SHR_COMM_GSA_PROD.COMM_GSA_PROD_DMT_COMM_GSA.VW_DIM_PRODUCT_LMID,SHR_COMM_GSA_PROD.COMM_GSA_PROD_DMT_COMM_GSA.VW_DIM_PRODUCT_LMID,SHR_COMM_GSA_PROD
SHR_COMM_GSA_PROD.COMM_GSA_PROD_DMT_COMM_GSA.VW_DIM_PRODUCT_BRAND,SHR_COMM_GSA_PROD.COMM_GSA_PROD_DMT_COMM_GSA.VW_DIM_PRODUCT_BRAND,SHR_COMM_GSA_PROD
RANKED_SALES_CH,RANKED_SALES_CH,RANKED_SALES_CH
SHR_COMM_GSA_PROD.COMM_GSA_PROD_DMT_COMM_GSA.VW_DIM_TERRITORY_HIERARCHY,SHR_COMM_GSA_PROD.COMM_GSA_PROD_DMT_COMM_GSA.VW_DIM_TERRITORY_HIERARCHY,SHR_COMM_GSA_PROD
SHR_DF_CI_PROD.DF_CI_PROD_DMT_CIA_CREST.DIM_TERRITORY_BRICK,SHR_DF_CI_PROD.DF_CI_PROD_DMT_CIA_CREST.DIM_TERRITORY_BRICK,SHR_DF_CI_PROD
SHR_DF_CI_PROD.DF_CI_PROD_DMT_CIA_CREST.DIM_TERRITORY_HIERARCHY,SHR_DF_CI_PROD.DF_CI_PROD_DMT_CIA_CREST.DIM_TERRITORY_HIERARCHY,SHR_DF_CI_PROD
SHR_COMM_GSA_PROD.COMM_GSA_PROD_DMT_COMM_GSA.VW_DIM_TERRITORY_BRICK,SHR_COMM_GSA_PROD.COMM_GSA_PROD_DMT_COMM_GSA.VW_DIM_TERRITORY_BRICK,SHR_COMM_GSA_PROD
SHR_COMM_GSA_PROD.COMM_GSA_PROD_DMT_COMM_GSA.VW_DIM_PRODUCT_GMID,SHR_COMM_GSA_PROD.COMM_GSA_PROD_DMT_COMM_GSA.VW_DIM_PRODUCT_GMID,SHR_COMM_GSA_PROD
IQVIA_BRICK_DE,IQVIA_BRICK_DE,IQVIA_BRICK_DE
SHR_COMM_ITA_PROD.COMM_ITA_PROD_DMT_COMM_ITA.DIM_CUST_BRAND_TO_TERR_EXCEP,SHR_COMM_ITA_PROD.COMM_ITA_PROD_DMT_COMM_ITA.DIM_CUST_BRAND_TO_TERR_EXCEP,SHR_COMM_ITA_PROD
SHR_COMM_IBE_PROD.COMM_IBE_PROD_DMT_COMM_IBE.VW_DIM_TERRITORY,SHR_COMM_IBE_PROD.COMM_IBE_PROD_DMT_COMM_IBE.VW_DIM_TERRITORY,SHR_COMM_IBE_PROD
SHR_DF_CI_PROD.DF_CI_PROD_DMT_CIA_CREST.DIM_HCO_BRICK,SHR_DF_CI_PROD.DF_CI_PROD_DMT_CIA_CREST.DIM_HCO_BRICK,SHR_DF_CI_PROD
SHR_COMM_GSA_PROD.COMM_GSA_PROD_DMT_COMM_GSA.VW_FCT_INVOICE,SHR_COMM_GSA_PROD.COMM_GSA_PROD_DMT_COMM_GSA.VW_FCT_INVOICE,SHR_COMM_GSA_PROD
SHR_DF_CI_PROD.DF_CI_PROD_DMT_CIA_CREST.DIM_TERRITORY,SHR_DF_CI_PROD.DF_CI_PROD_DMT_CIA_CREST.DIM_TERRITORY,SHR_DF_CI_PROD
DUPIX_SALES,DUPIX_SALES,DUPIX_SALES
RANKED_SALES_ES,RANKED_SALES_ES,RANKED_SALES_ES
SHR_COMM_IBE_PROD.COMM_IBE_PROD_DMT_COMM_IBE.VW_DIM_HCO,SHR_COMM_IBE_PROD.COMM_IBE_PROD_DMT_COMM_IBE.VW_DIM_HCO,SHR_COMM_IBE_PROD
SHR_COMM_GSA_PROD.COMM_GSA_PROD_DMT_COMM_GSA.VW_DIM_CUSTOMER,SHR_COMM_GSA_PROD.COMM_GSA_PROD_DMT_COMM_GSA.VW_DIM_CUSTOMER,SHR_COMM_GSA_PROD
SHR_COMM_GSA_PROD.COMM_GSA_PROD_DMT_COMM_GSA.VW_DIM_ZIP_TO_STATE,SHR_COMM_GSA_PROD.COMM_GSA_PROD_DMT_COMM_GSA.VW_DIM_ZIP_TO_STATE,SHR_COMM_GSA_PROD
SHR_DF_CI_PROD.DF_CI_PROD_DMT_CIA_CREST.DIM_EMP_TERR_ASSIGNMENT,SHR_DF_CI_PROD.DF_CI_PROD_DMT_CIA_CREST.DIM_EMP_TERR_ASSIGNMENT,SHR_DF_CI_PROD
SHR_COMM_GSA_PROD.COMM_GSA_PROD_DMT_COMM_GSA.VW_IQVIA_BRICK,SHR_COMM_GSA_PROD.COMM_GSA_PROD_DMT_COMM_GSA.VW_IQVIA_BRICK,SHR_COMM_GSA_PROD
RANKED_SALES_PT,RANKED_SALES_PT,RANKED_SALES_PT
CUST_BRAND_QTY,CUST_BRAND_QTY,CUST_BRAND_QTY
SHR_COMM_ITA_PROD.COMM_ITA_PROD_DMT_COMM_ITA.DIM_HCO_BRICK,SHR_COMM_ITA_PROD.COMM_ITA_PROD_DMT_COMM_ITA.DIM_HCO_BRICK,SHR_COMM_ITA_PROD
CREST_DATA_DEV.GTMC_SANDBOX.V_TEAM_TO_BRAND_DISEASE,CREST_DATA_DEV.GTMC_SANDBOX.V_TEAM_TO_BRAND_DISEASE,CREST_DATA_DEV
V_TEAM_TO_BRAND_DISEASE,V_TEAM_TO_BRAND_DISEASE,V_TEAM_TO_BRAND_DISEASE
PRODUCT_MARKET_ISP_ALL,PRODUCT_MARKET_ISP_ALL,PRODUCT_MARKET_ISP_ALL
MARKET_DISEASE,MARKET_DISEASE,MARKET_DISEASE
SHR_DF_MARKET_PROD.DF_MARKET_PROD_DMT_SALES_MARKET_SN_CREST.MARKET,SHR_DF_MARKET_PROD.DF_MARKET_PROD_DMT_SALES_MARKET_SN_CREST.MARKET,SHR_DF_MARKET_PROD
CREST_DATA_DEV.GTMC_MSDF_TRANSFORMATIONS.PRODUCT_MARKET_ISP_ALL_MSDF,CREST_DATA_DEV.GTMC_MSDF_TRANSFORMATIONS.PRODUCT_MARKET_ISP_ALL_MSDF,CREST_DATA_DEV
CREST_DATA_DEV.GTMC_MSDF_TRANSFORMATIONS.V_TEAM_TO_BRAND_DISEASE_CORRECTED,CREST_DATA_DEV.GTMC_MSDF_TRANSFORMATIONS.V_TEAM_TO_BRAND_DISEASE_CORRECTED,CREST_DATA_DEV
SHR_DF_MARKET_UAT.DF_MARKET_UAT_DMT_SALES_MARKET_SN_CREST.MARKET,SHR_DF_MARKET_UAT.DF_MARKET_UAT_DMT_SALES_MARKET_SN_CREST.MARKET,SHR_DF_MARKET_UAT
CREST_DATA_DEV.GTMC_SANDBOX.TFT_SALES_CEP_DAY_FOCUSED_SOCIAL,CREST_DATA_DEV.GTMC_SANDBOX.TFT_SALES_CEP_DAY_FOCUSED_SOCIAL,CREST_DATA_DEV
V_TEAM_TO_BRAND_DISEASE_CANDIDATES,V_TEAM_TO_BRAND_DISEASE_CANDIDATES,V_TEAM_TO_BRAND_DISEASE_CANDIDATES
CREST_DATA_DEV.GTMC_MSDF_TRANSFORMATIONS.V_PRODUCT_ISP_ALL_INTERIM,CREST_DATA_DEV.GTMC_MSDF_TRANSFORMATIONS.V_PRODUCT_ISP_ALL_INTERIM,CREST_DATA_DEV
CREST_DATA_DEV.GTMC_CREST.PRODUCT_MARKET_ISP_ALL,CREST_DATA_DEV.GTMC_CREST.PRODUCT_MARKET_ISP_ALL,CREST_DATA_DEV
CREST_DATA_DEV.GTMC_MSDF_TRANSFORMATIONS.V_XREF_MARKET_PRODUCT_ISP_ALL_OLD_TO_MDM_PRODUCT_ID,CREST_DATA_DEV.GTMC_MSDF_TRANSFORMATIONS.V_XREF_MARKET_PRODUCT_ISP_ALL_OLD_TO_MDM_PRODUCT_ID,CREST_DATA_DEV
CREST_DATA_DEV.GTMC_MSDF_TRANSFORMATIONS.V_XREF_MDM_PRODUCT_ID_TO_PRODUCT_ISP_ALL_OLD,CREST_DATA_DEV.GTMC_MSDF_TRANSFORMATIONS.V_XREF_MDM_PRODUCT_ID_TO_PRODUCT_ISP_ALL_OLD,CREST_DATA_DEV
SHR_DF_MARKET_PROD.DF_MARKET_PROD_DMT_SALES_MARKET_SN_CREST.MARKET_PRODUCT_ISP_ALL,SHR_DF_MARKET_PROD.DF_MARKET_PROD_DMT_SALES_MARKET_SN_CREST.MARKET_PRODUCT_ISP_ALL,SHR_DF_MARKET_PROD
CREST_DATA_DEV.GTMC_ADAPT_TRANSFORMATIONS.V_XREF_ADAPT_UKIE_PATIENT_SALES_TO_CALENDAR,CREST_DATA_DEV.GTMC_ADAPT_TRANSFORMATIONS.V_XREF_ADAPT_UKIE_PATIENT_SALES_TO_CALENDAR,CREST_DATA_DEV
CREST_DATA_DEV.GTMC_ADAPT_TRANSFORMATIONS.V_XREF_ADAPT_UKIE_TFT_SOCIAL_TO_CALENDAR,CREST_DATA_DEV.GTMC_ADAPT_TRANSFORMATIONS.V_XREF_ADAPT_UKIE_TFT_SOCIAL_TO_CALENDAR,CREST_DATA_DEV
V_INSTITUCION_TO_UNIDAD_MX_UNIQUE,V_INSTITUCION_TO_UNIDAD_MX_UNIQUE,V_INSTITUCION_TO_UNIDAD_MX_UNIQUE
V_XREF_ADAPT_LTM_GOB360_TO_GEOGRAPHY_SUBNATIONAL,V_XREF_ADAPT_LTM_GOB360_TO_GEOGRAPHY_SUBNATIONAL,V_XREF_ADAPT_LTM_GOB360_TO_GEOGRAPHY_SUBNATIONAL
V_XREF_ADAPT_LTM_MX_DDD_BASE_WIDE_TO_GEOGRAPHY_SUBNATIONAL,V_XREF_ADAPT_LTM_MX_DDD_BASE_WIDE_TO_GEOGRAPHY_SUBNATIONAL,V_XREF_ADAPT_LTM_MX_DDD_BASE_WIDE_TO_GEOGRAPHY_SUBNATIONAL
V_XREF_ADAPT_UKIE_PATIENT_SALES_TO_GLOBAL_CORPORATION,V_XREF_ADAPT_UKIE_PATIENT_SALES_TO_GLOBAL_CORPORATION,V_XREF_ADAPT_UKIE_PATIENT_SALES_TO_GLOBAL_CORPORATION
V_XREF_ADAPT_UKIE_PATIENT_SALES_TO_LOCAL_BRAND,V_XREF_ADAPT_UKIE_PATIENT_SALES_TO_LOCAL_BRAND,V_XREF_ADAPT_UKIE_PATIENT_SALES_TO_LOCAL_BRAND
V_XREF_ADAPT_UKIE_PATIENT_SALES_TO_BRAND,V_XREF_ADAPT_UKIE_PATIENT_SALES_TO_BRAND,V_XREF_ADAPT_UKIE_PATIENT_SALES_TO_BRAND
V_XREF_ADAPT_UKIE_PATIENT_SALES_TO_MOLECULE_LIST,V_XREF_ADAPT_UKIE_PATIENT_SALES_TO_MOLECULE_LIST,V_XREF_ADAPT_UKIE_PATIENT_SALES_TO_MOLECULE_LIST
V_XREF_ADAPT_UKIE_PATIENT_SALES_TO_HARMONIZED_GLOBAL_PRODUCT,V_XREF_ADAPT_UKIE_PATIENT_SALES_TO_HARMONIZED_GLOBAL_PRODUCT,V_XREF_ADAPT_UKIE_PATIENT_SALES_TO_HARMONIZED_GLOBAL_PRODUCT
SHR_UKIE_CDW_PROD.UKIE_CDW_PROD_DMT_CDW_CREST.DMT_PATIENT_SALES,SHR_UKIE_CDW_PROD.UKIE_CDW_PROD_DMT_CDW_CREST.DMT_PATIENT_SALES,SHR_UKIE_CDW_PROD
V_XREF_ADAPT_UKIE_PATIENT_SALES_TO_HARMONIZED_LOCAL_BRAND,V_XREF_ADAPT_UKIE_PATIENT_SALES_TO_HARMONIZED_LOCAL_BRAND,V_XREF_ADAPT_UKIE_PATIENT_SALES_TO_HARMONIZED_LOCAL_BRAND
V_XREF_ADAPT_UKIE_PATIENT_SALES_TO_LOCAL_MANUFACTURER,V_XREF_ADAPT_UKIE_PATIENT_SALES_TO_LOCAL_MANUFACTURER,V_XREF_ADAPT_UKIE_PATIENT_SALES_TO_LOCAL_MANUFACTURER
V_XREF_ADAPT_UKIE_PATIENT_SALES_TO_PRODUCT_ID_ISP_ALL,V_XREF_ADAPT_UKIE_PATIENT_SALES_TO_PRODUCT_ID_ISP_ALL,V_XREF_ADAPT_UKIE_PATIENT_SALES_TO_PRODUCT_ID_ISP_ALL
V_XREF_ADAPT_UKIE_PATIENT_SALES_TO_ATC4,V_XREF_ADAPT_UKIE_PATIENT_SALES_TO_ATC4,V_XREF_ADAPT_UKIE_PATIENT_SALES_TO_ATC4
TFT_SALES_CEP_DAY_FOCUSED_SOCIAL,TFT_SALES_CEP_DAY_FOCUSED_SOCIAL,TFT_SALES_CEP_DAY_FOCUSED_SOCIAL
V_XREF_ADAPT_LTM_MX_DDD_BASE_WIDE_TO_BRAND,V_XREF_ADAPT_LTM_MX_DDD_BASE_WIDE_TO_BRAND,V_XREF_ADAPT_LTM_MX_DDD_BASE_WIDE_TO_BRAND
V_XREF_ADAPT_UKIE_TFT_SALES_CEP_DAY_TO_COUNTRY,V_XREF_ADAPT_UKIE_TFT_SALES_CEP_DAY_TO_COUNTRY,V_XREF_ADAPT_UKIE_TFT_SALES_CEP_DAY_TO_COUNTRY
V_XREF_ADAPT_UKIE_TFT_SALES_CEP_DAY_TO_ORDER_CD,V_XREF_ADAPT_UKIE_TFT_SALES_CEP_DAY_TO_ORDER_CD,V_XREF_ADAPT_UKIE_TFT_SALES_CEP_DAY_TO_ORDER_CD
V_XREF_ADAPT_UKIE_TFT_SALES_CEP_DAY_TO_CALENDAR,V_XREF_ADAPT_UKIE_TFT_SALES_CEP_DAY_TO_CALENDAR,V_XREF_ADAPT_UKIE_TFT_SALES_CEP_DAY_TO_CALENDAR
V_XREF_ADAPT_UKIE_TFT_SALES_CEP_DAY_TO_CUSTOMER_CD,V_XREF_ADAPT_UKIE_TFT_SALES_CEP_DAY_TO_CUSTOMER_CD,V_XREF_ADAPT_UKIE_TFT_SALES_CEP_DAY_TO_CUSTOMER_CD
V_XREF_ADAPT_UKIE_TFT_SALES_CEP_DAY_TO_ORDER_ITEM_CD,V_XREF_ADAPT_UKIE_TFT_SALES_CEP_DAY_TO_ORDER_ITEM_CD,V_XREF_ADAPT_UKIE_TFT_SALES_CEP_DAY_TO_ORDER_ITEM_CD
V_XREF_ADAPT_UKIE_TFT_SALES_CEP_DAY_TO_GMID_ID,V_XREF_ADAPT_UKIE_TFT_SALES_CEP_DAY_TO_GMID_ID,V_XREF_ADAPT_UKIE_TFT_SALES_CEP_DAY_TO_GMID_ID
V_XREF_ADAPT_UKIE_TFT_SALES_CEP_DAY_TO_PRODUCT_ID_ISP_ALL,V_XREF_ADAPT_UKIE_TFT_SALES_CEP_DAY_TO_PRODUCT_ID_ISP_ALL,V_XREF_ADAPT_UKIE_TFT_SALES_CEP_DAY_TO_PRODUCT_ID_ISP_ALL
V_XREF_ADAPT_UKIE_TFT_SALES_CEP_DAY_TO_SOURCE_SYSTEM_CD,V_XREF_ADAPT_UKIE_TFT_SALES_CEP_DAY_TO_SOURCE_SYSTEM_CD,V_XREF_ADAPT_UKIE_TFT_SALES_CEP_DAY_TO_SOURCE_SYSTEM_CD
V_XREF_ADAPT_UKIE_TFT_SOCIAL_TO_CALENDAR,V_XREF_ADAPT_UKIE_TFT_SOCIAL_TO_CALENDAR,V_XREF_ADAPT_UKIE_TFT_SOCIAL_TO_CALENDAR
V_XREF_ADAPT_UKIE_TFT_SOCIAL_TO_COUNTRY,V_XREF_ADAPT_UKIE_TFT_SOCIAL_TO_COUNTRY,V_XREF_ADAPT_UKIE_TFT_SOCIAL_TO_COUNTRY
V_XREF_ADAPT_UKIE_TFT_SOCIAL_TO_PRODUCT_ID_ISP_ALL,V_XREF_ADAPT_UKIE_TFT_SOCIAL_TO_PRODUCT_ID_ISP_ALL,V_XREF_ADAPT_UKIE_TFT_SOCIAL_TO_PRODUCT_ID_ISP_ALL
V_XREF_ADAPT_UKIE_TFT_SOCIAL_TO_CHANNEL,V_XREF_ADAPT_UKIE_TFT_SOCIAL_TO_CHANNEL,V_XREF_ADAPT_UKIE_TFT_SOCIAL_TO_CHANNEL
V_XREF_ADAPT_UKIE_TFT_SOCIAL_TO_CUSTOMER,V_XREF_ADAPT_UKIE_TFT_SOCIAL_TO_CUSTOMER,V_XREF_ADAPT_UKIE_TFT_SOCIAL_TO_CUSTOMER
V_XREF_ADAPT_UKIE_TFT_SOCIAL_TO_GEOGRAPHY_SUBNATIONAL,V_XREF_ADAPT_UKIE_TFT_SOCIAL_TO_GEOGRAPHY_SUBNATIONAL,V_XREF_ADAPT_UKIE_TFT_SOCIAL_TO_GEOGRAPHY_SUBNATIONAL
CREST_DATA_DEV.GTMC_CREST.V_GEOGRAPHY_SUBNATIONAL,CREST_DATA_DEV.GTMC_CREST.V_GEOGRAPHY_SUBNATIONAL,CREST_DATA_DEV
CREST_DATA_DEV.GTMC_CREST.V_CUSTOMER,CREST_DATA_DEV.GTMC_CREST.V_CUSTOMER,CREST_DATA_DEV
CREST_DATA_DEV.GTMC_CREST.SALES_SUBNATIONAL_ISP_ALL,CREST_DATA_DEV.GTMC_CREST.SALES_SUBNATIONAL_ISP_ALL,CREST_DATA_DEV
CREST_DATA_DEV.GTMC_MSDF_TRANSFORMATIONS.V_TEAM_TO_SANOFI_MARKETS,CREST_DATA_DEV.GTMC_MSDF_TRANSFORMATIONS.V_TEAM_TO_SANOFI_MARKETS,CREST_DATA_DEV
CREST_DATA_DEV.GTMC_ADAPT_TRANSFORMATIONS.V_XREF_ADAPT_UKIE_PATIENT_SALES_TO_ORDER_NUMBER,CREST_DATA_DEV.GTMC_ADAPT_TRANSFORMATIONS.V_XREF_ADAPT_UKIE_PATIENT_SALES_TO_ORDER_NUMBER,CREST_DATA_DEV
SHR_DF_MARKET_UAT.DF_MARKET_UAT_DMT_SALES_MARKET_SN_CREST.GEOGRAPHY_SUBNATIONAL,SHR_DF_MARKET_UAT.DF_MARKET_UAT_DMT_SALES_MARKET_SN_CREST.GEOGRAPHY_SUBNATIONAL,SHR_DF_MARKET_UAT
CREST_DATA_DEV.GTMC_ADAPT_TRANSFORMATIONS.PRODUCT_ISP_ALL_ADAPT,CREST_DATA_DEV.GTMC_ADAPT_TRANSFORMATIONS.PRODUCT_ISP_ALL_ADAPT,CREST_DATA_DEV
CREST_DATA_DEV.GTMC_MSDF_TRANSFORMATIONS.PRODUCT_ISP_ALL_MSDF,CREST_DATA_DEV.GTMC_MSDF_TRANSFORMATIONS.PRODUCT_ISP_ALL_MSDF,CREST_DATA_DEV
CREST_DATA_DEV.GTMC_ADAPT_TRANSFORMATIONS.SALES_SUBNATIONAL_ISP_ALL_ADAPT_VF,CREST_DATA_DEV.GTMC_ADAPT_TRANSFORMATIONS.SALES_SUBNATIONAL_ISP_ALL_ADAPT_VF,CREST_DATA_DEV
CREST_DATA_DEV.GTMC_MSDF_TRANSFORMATIONS.SALES_SUBNATIONAL_ISP_ALL_MSDF,CREST_DATA_DEV.GTMC_MSDF_TRANSFORMATIONS.SALES_SUBNATIONAL_ISP_ALL_MSDF,CREST_DATA_DEV
V_TEAM_TO_MARKETS_CANDIDATES,V_TEAM_TO_MARKETS_CANDIDATES,V_TEAM_TO_MARKETS_CANDIDATES
CREST_DATA_DEV.GTMC_CREST.V_MARKET_DISEASE,CREST_DATA_DEV.GTMC_CREST.V_MARKET_DISEASE,CREST_DATA_DEV
SHR_DF_MARKET_UAT.DF_MARKET_UAT_DMT_SALES_MARKET_SN_CREST.CALENDAR,SHR_DF_MARKET_UAT.DF_MARKET_UAT_DMT_SALES_MARKET_SN_CREST.CALENDAR,SHR_DF_MARKET_UAT
V_XREF_ADAPT_BR_TO_CUSTOMER,V_XREF_ADAPT_BR_TO_CUSTOMER,V_XREF_ADAPT_BR_TO_CUSTOMER
CREST_DATA_DEV.GTMC_ADAPT_TRANSFORMATIONS.V_XREF_ADAPT_LTM_GOB360_TO_CUSTOMER,CREST_DATA_DEV.GTMC_ADAPT_TRANSFORMATIONS.V_XREF_ADAPT_LTM_GOB360_TO_CUSTOMER,CREST_DATA_DEV
PRODUCT_ISP_ALL_ADAPT,PRODUCT_ISP_ALL_ADAPT,PRODUCT_ISP_ALL_ADAPT
CREST_DATA_DEV.GTMC_ADAPT_TRANSFORMATIONS.V_MARKET_PRODUCT_MARKET_ISP_ALL_ADAPT,CREST_DATA_DEV.GTMC_ADAPT_TRANSFORMATIONS.V_MARKET_PRODUCT_MARKET_ISP_ALL_ADAPT,CREST_DATA_DEV
V_SALES_ORDER_ADAPT_UKIE,V_SALES_ORDER_ADAPT_UKIE,V_SALES_ORDER_ADAPT_UKIE
CREST_DATA_DEV.GTMC_ADAPT_TRANSFORMATIONS.PRODUCT_MARKET_ISP_ALL_ADAPT,CREST_DATA_DEV.GTMC_ADAPT_TRANSFORMATIONS.PRODUCT_MARKET_ISP_ALL_ADAPT,CREST_DATA_DEV
SHR_DF_MARKET_UAT.DF_MARKET_UAT_DMT_SALES_MARKET_SN_CREST.CHANNEL,SHR_DF_MARKET_UAT.DF_MARKET_UAT_DMT_SALES_MARKET_SN_CREST.CHANNEL,SHR_DF_MARKET_UAT
CREST_DATA_DEV.GTMC_CREST.V_XREF_BRAND_IDS_TO_LCL_BRND_IDS_ONEPRODUCT,CREST_DATA_DEV.GTMC_CREST.V_XREF_BRAND_IDS_TO_LCL_BRND_IDS_ONEPRODUCT,CREST_DATA_DEV
CREST_DATA_DEV.GTMC_CREST.V_BRAND_LOCAL_NAME_ONEPRODUCT,CREST_DATA_DEV.GTMC_CREST.V_BRAND_LOCAL_NAME_ONEPRODUCT,CREST_DATA_DEV
V_XREF_ADAPT_BR_TO_SALES_AGGREGATION,V_XREF_ADAPT_BR_TO_SALES_AGGREGATION,V_XREF_ADAPT_BR_TO_SALES_AGGREGATION
V_XREF_ADAPT_BR_TO_PRODUCT_ID_ISP_ALL,V_XREF_ADAPT_BR_TO_PRODUCT_ID_ISP_ALL,V_XREF_ADAPT_BR_TO_PRODUCT_ID_ISP_ALL
V_XREF_ADAPT_BR_TO_CHANNEL,V_XREF_ADAPT_BR_TO_CHANNEL,V_XREF_ADAPT_BR_TO_CHANNEL
V_XREF_ADAPT_BR_TO_CALENDAR,V_XREF_ADAPT_BR_TO_CALENDAR,V_XREF_ADAPT_BR_TO_CALENDAR
V_XREF_ADAPT_BR_TO_GEOGRAPHY_SUBNATIONAL,V_XREF_ADAPT_BR_TO_GEOGRAPHY_SUBNATIONAL,V_XREF_ADAPT_BR_TO_GEOGRAPHY_SUBNATIONAL
CREST_DATA_DEV.GTMC_MSDF_TRANSFORMATIONS.V_CUSTOMER_MSDF,CREST_DATA_DEV.GTMC_MSDF_TRANSFORMATIONS.V_CUSTOMER_MSDF,CREST_DATA_DEV
CREST_DATA_DEV.GTMC_ADAPT_TRANSFORMATIONS.V_CUSTOMER_ADAPT,CREST_DATA_DEV.GTMC_ADAPT_TRANSFORMATIONS.V_CUSTOMER_ADAPT,CREST_DATA_DEV
V_XREF_ADAPT_UKIE_PATIENT_SALES_TO_CUSTOMER,V_XREF_ADAPT_UKIE_PATIENT_SALES_TO_CUSTOMER,V_XREF_ADAPT_UKIE_PATIENT_SALES_TO_CUSTOMER
CREST_DATA_DEV.GTMC_ADAPT_TRANSFORMATIONS.V_XREF_ADAPT_UKIE_TFT_SOCIAL_TO_SALES_SUBNATIONAL_ISP_ALL,CREST_DATA_DEV.GTMC_ADAPT_TRANSFORMATIONS.V_XREF_ADAPT_UKIE_TFT_SOCIAL_TO_SALES_SUBNATIONAL_ISP_ALL,CREST_DATA_DEV
CREST_DATA_DEV.GTMC_ADAPT_TRANSFORMATIONS.V_XREF_ADAPT_UKIE_PATIENT_SALES_TO_SALES_SUBNATIONAL_ISP_ALL,CREST_DATA_DEV.GTMC_ADAPT_TRANSFORMATIONS.V_XREF_ADAPT_UKIE_PATIENT_SALES_TO_SALES_SUBNATIONAL_ISP_ALL,CREST_DATA_DEV
CREST_DATA_DEV.GTMC_CREST.V_XREF_HRMZD_LCL_BRAND_IDS_TO_HRMZD_GBL_BRND_IDS_ONEPRODUCT,CREST_DATA_DEV.GTMC_CREST.V_XREF_HRMZD_LCL_BRAND_IDS_TO_HRMZD_GBL_BRND_IDS_ONEPRODUCT,CREST_DATA_DEV
V_XREF_ADAPT_BR_TO_HARMONIZED_LOCAL_BRAND,V_XREF_ADAPT_BR_TO_HARMONIZED_LOCAL_BRAND,V_XREF_ADAPT_BR_TO_HARMONIZED_LOCAL_BRAND
CREST_DATA_DEV.GTMC_CREST.V_HARMONIZED_GLOBAL_PRODUCT_ONEPRODUCT,CREST_DATA_DEV.GTMC_CREST.V_HARMONIZED_GLOBAL_PRODUCT_ONEPRODUCT,CREST_DATA_DEV
DMT_MX_DDD_BASE_WIDE,DMT_MX_DDD_BASE_WIDE,DMT_MX_DDD_BASE_WIDE
CREST_DATA_DEV.GTMC_CREST.TEAM_TO_MARKETS,CREST_DATA_DEV.GTMC_CREST.TEAM_TO_MARKETS,CREST_DATA_DEV
SHR_DF_CI_PROD.DF_CI_PROD_DMT_CIA_CREST.DIM_BRAND,SHR_DF_CI_PROD.DF_CI_PROD_DMT_CIA_CREST.DIM_BRAND,SHR_DF_CI_PROD
SHR_DF_CI_PROD.DF_CI_PROD_DMT_CIA_CREST.DIM_BRAND_DISEASE,SHR_DF_CI_PROD.DF_CI_PROD_DMT_CIA_CREST.DIM_BRAND_DISEASE,SHR_DF_CI_PROD
SHR_DF_CI_PROD.DF_CI_PROD_DMT_CIA_CREST.DIM_TERRITORY_BRAND,SHR_DF_CI_PROD.DF_CI_PROD_DMT_CIA_CREST.DIM_TERRITORY_BRAND,SHR_DF_CI_PROD
V_TEAM_OCCP_BRAND_DISEASES,V_TEAM_OCCP_BRAND_DISEASES,V_TEAM_OCCP_BRAND_DISEASES
SHR_DF_MARKET_PROD.DF_MARKET_PROD_DMT_SALES_MARKET_SN_CREST.COUNTRY_HIERARCHY,SHR_DF_MARKET_PROD.DF_MARKET_PROD_DMT_SALES_MARKET_SN_CREST.COUNTRY_HIERARCHY,SHR_DF_MARKET_PROD
CREST_DATA_DEV.GTMC_MSDF_TRANSFORMATIONS.V_PRODUCT_ISP_ALL_MSDF,CREST_DATA_DEV.GTMC_MSDF_TRANSFORMATIONS.V_PRODUCT_ISP_ALL_MSDF,CREST_DATA_DEV
CREST_DATA_DEV.GTMC_MSDF_TRANSFORMATIONS.V_MARKET_PRODUCT_MARKET_ISP_ALL_INTERIM,CREST_DATA_DEV.GTMC_MSDF_TRANSFORMATIONS.V_MARKET_PRODUCT_MARKET_ISP_ALL_INTERIM,CREST_DATA_DEV
CREST_DATA_DEV.GTMC_MSDF_TRANSFORMATIONS.V_XREF_MOLECULE_LIST_HARMONIZED_GLOBAL_PRODUCT_TO_WW_MARKETS_DUPLICATE,CREST_DATA_DEV.GTMC_MSDF_TRANSFORMATIONS.V_XREF_MOLECULE_LIST_HARMONIZED_GLOBAL_PRODUCT_TO_WW_MARKETS_DUPLICATE,CREST_DATA_DEV
CREST_DATA_DEV.GTMC_MSDF_TRANSFORMATIONS.V_XREF_MOLECULE_LIST_ATC_CLSF_CD_TO_WW_MARKETS_UNIQUE,CREST_DATA_DEV.GTMC_MSDF_TRANSFORMATIONS.V_XREF_MOLECULE_LIST_ATC_CLSF_CD_TO_WW_MARKETS_UNIQUE,CREST_DATA_DEV
CREST_DATA_DEV.GTMC_MSDF_TRANSFORMATIONS.V_XREF_MOLECULE_LIST_HARMONIZED_GLOBAL_PRODUCT_TO_WW_MARKETS_UNIQUE,CREST_DATA_DEV.GTMC_MSDF_TRANSFORMATIONS.V_XREF_MOLECULE_LIST_HARMONIZED_GLOBAL_PRODUCT_TO_WW_MARKETS_UNIQUE,CREST_DATA_DEV
CREST_DATA_DEV.GTMC_MSDF_TRANSFORMATIONS.V_VALIDATED_HARMONIZED_GLOBAL_PRODUCTS,CREST_DATA_DEV.GTMC_MSDF_TRANSFORMATIONS.V_VALIDATED_HARMONIZED_GLOBAL_PRODUCTS,CREST_DATA_DEV
CREST_DATA_DEV.GTMC_MSDF_TRANSFORMATIONS.V_XREF_BRAND_IDS_TO_ATC_CLSF_CDS,CREST_DATA_DEV.GTMC_MSDF_TRANSFORMATIONS.V_XREF_BRAND_IDS_TO_ATC_CLSF_CDS,CREST_DATA_DEV
SHR_DF_MARKET_PROD.DF_MARKET_PROD_DMT_SALES_MARKET_SN_CREST.SALES_SUBNATIONAL_ISP_ALL,SHR_DF_MARKET_PROD.DF_MARKET_PROD_DMT_SALES_MARKET_SN_CREST.SALES_SUBNATIONAL_ISP_ALL,SHR_DF_MARKET_PROD
SHR_DF_MARKET_UAT.DF_MARKET_UAT_DMT_SALES_MARKET_SN_CREST.PRODUCT_ISP_ALL,SHR_DF_MARKET_UAT.DF_MARKET_UAT_DMT_SALES_MARKET_SN_CREST.PRODUCT_ISP_ALL,SHR_DF_MARKET_UAT
CREST_DATA_DEV.GTMC_MSDF_TRANSFORMATIONS.V_XREF_HARMONIZED_LOCAL_BRANDS_TO_ATC_CLSF_CDS,CREST_DATA_DEV.GTMC_MSDF_TRANSFORMATIONS.V_XREF_HARMONIZED_LOCAL_BRANDS_TO_ATC_CLSF_CDS,CREST_DATA_DEV
SHR_DF_MARKET_UAT.DF_MARKET_UAT_DMT_SALES_MARKET_SN_CREST.SALES_SUBNATIONAL_ISP_ALL,SHR_DF_MARKET_UAT.DF_MARKET_UAT_DMT_SALES_MARKET_SN_CREST.SALES_SUBNATIONAL_ISP_ALL,SHR_DF_MARKET_UAT
SHR_DF_MARKET_PROD.DF_MARKET_PROD_DMT_SALES_MARKET_SN_CREST.PRODUCT_ISP_ALL,SHR_DF_MARKET_PROD.DF_MARKET_PROD_DMT_SALES_MARKET_SN_CREST.PRODUCT_ISP_ALL,SHR_DF_MARKET_PROD
PRODUCT_ISP_ALL_MSDF,PRODUCT_ISP_ALL_MSDF,PRODUCT_ISP_ALL_MSDF
GTMC_SANDBOX.V_MARKET_HARMONIZED_GLOBAL_PRODUCT_MSDF,GTMC_SANDBOX.V_MARKET_HARMONIZED_GLOBAL_PRODUCT_MSDF,GTMC_SANDBOX
CREST_DATA_DEV.GTMC_SANDBOX.V_XREF_MOLECULE_LIST_ATC_CLSF_CD_TO_WW_MARKETS_UNIQUE,CREST_DATA_DEV.GTMC_SANDBOX.V_XREF_MOLECULE_LIST_ATC_CLSF_CD_TO_WW_MARKETS_UNIQUE,CREST_DATA_DEV
CREST_DATA_DEV.GTMC_SANDBOX.V_MARKET_HARMONIZED_GLOBAL_PRODUCT_MSDF,CREST_DATA_DEV.GTMC_SANDBOX.V_MARKET_HARMONIZED_GLOBAL_PRODUCT_MSDF,CREST_DATA_DEV
SHR_COMM_LTM_DEV.COMM_LTM_DEV_DMT_LTM.DMT_LTM_COPAC,SHR_COMM_LTM_DEV.COMM_LTM_DEV_DMT_LTM.DMT_LTM_COPAC,SHR_COMM_LTM_DEV
CREST_DATA_DEV.GTMC_XFOUNDATION_XREFERENCES.V_XREF_MARKET_IDS_TO_GLOBAL_DISEASE_CD_LIST,CREST_DATA_DEV.GTMC_XFOUNDATION_XREFERENCES.V_XREF_MARKET_IDS_TO_GLOBAL_DISEASE_CD_LIST,CREST_DATA_DEV
SHR_DF_MARKET_PROD.DF_MARKET_PROD_DMT_SALES_MARKET_SN_CREST.CRM_GEO_HIERARCHY,SHR_DF_MARKET_PROD.DF_MARKET_PROD_DMT_SALES_MARKET_SN_CREST.CRM_GEO_HIERARCHY,SHR_DF_MARKET_PROD
SHR_DF_MARKET_PROD.DF_MARKET_PROD_DMT_SALES_MARKET_SN_CREST.CUSTOMER,SHR_DF_MARKET_PROD.DF_MARKET_PROD_DMT_SALES_MARKET_SN_CREST.CUSTOMER,SHR_DF_MARKET_PROD
CREST_DATA_DEV.GTMC_CREST.GEOGRAPHY_SUBNATIONAL,CREST_DATA_DEV.GTMC_CREST.GEOGRAPHY_SUBNATIONAL,CREST_DATA_DEV
SHR_DF_CI_PROD.DF_CI_PROD_DMT_CIA_CREST.DIM_BRICK,SHR_DF_CI_PROD.DF_CI_PROD_DMT_CIA_CREST.DIM_BRICK,SHR_DF_CI_PROD
CREST_DATA_DEV.GTMC_ADAPT_TRANSFORMATIONS.V_XREF_ADAPT_BR_TO_CALENDAR,CREST_DATA_DEV.GTMC_ADAPT_TRANSFORMATIONS.V_XREF_ADAPT_BR_TO_CALENDAR,CREST_DATA_DEV
V_XREF_ADAPT_UKIE_PATIENT_SALES_TO_CHANNEL,V_XREF_ADAPT_UKIE_PATIENT_SALES_TO_CHANNEL,V_XREF_ADAPT_UKIE_PATIENT_SALES_TO_CHANNEL
SHR_UKIE_CDW_PROD.UKIE_CDW_PROD_DMT_CDW_CREST.DMT_PATIENTS,SHR_UKIE_CDW_PROD.UKIE_CDW_PROD_DMT_CDW_CREST.DMT_PATIENTS,SHR_UKIE_CDW_PROD
V_PRODUCT_ISP_ALL_ADAPT_UKIE_PATIENT_SALES,V_PRODUCT_ISP_ALL_ADAPT_UKIE_PATIENT_SALES,V_PRODUCT_ISP_ALL_ADAPT_UKIE_PATIENT_SALES
V_PRODUCT_ISP_ALL_ADAPT_UKIE_TFT_SOCIAL,V_PRODUCT_ISP_ALL_ADAPT_UKIE_TFT_SOCIAL,V_PRODUCT_ISP_ALL_ADAPT_UKIE_TFT_SOCIAL
CREST_DATA_DEV.GTMC_ADAPT_TRANSFORMATIONS.V_XREF_ADAPT_BR_TO_LOCAL_MANUFACTURER,CREST_DATA_DEV.GTMC_ADAPT_TRANSFORMATIONS.V_XREF_ADAPT_BR_TO_LOCAL_MANUFACTURER,CREST_DATA_DEV
CREST_DATA_DEV.GTMC_ADAPT_TRANSFORMATIONS.V_XREF_ADAPT_BR_TO_ATC4,CREST_DATA_DEV.GTMC_ADAPT_TRANSFORMATIONS.V_XREF_ADAPT_BR_TO_ATC4,CREST_DATA_DEV
CREST_DATA_DEV.GTMC_ADAPT_TRANSFORMATIONS.V_XREF_ADAPT_BR_TO_MSDF_BRAND_HIERARCHY,CREST_DATA_DEV.GTMC_ADAPT_TRANSFORMATIONS.V_XREF_ADAPT_BR_TO_MSDF_BRAND_HIERARCHY,CREST_DATA_DEV
CREST_DATA_DEV.GTMC_ADAPT_TRANSFORMATIONS.V_XREF_ADAPT_BR_TO_MSDF_BRANDS,CREST_DATA_DEV.GTMC_ADAPT_TRANSFORMATIONS.V_XREF_ADAPT_BR_TO_MSDF_BRANDS,CREST_DATA_DEV
CREST_DATA_DEV.GTMC_ADAPT_TRANSFORMATIONS.V_XREF_ADAPT_BR_TO_PRODUCT_ID_ISP_ALL,CREST_DATA_DEV.GTMC_ADAPT_TRANSFORMATIONS.V_XREF_ADAPT_BR_TO_PRODUCT_ID_ISP_ALL,CREST_DATA_DEV
CREST_DATA_DEV.GTMC_ADAPT_TRANSFORMATIONS.V_XREF_ADAPT_BR_TO_BRAND,CREST_DATA_DEV.GTMC_ADAPT_TRANSFORMATIONS.V_XREF_ADAPT_BR_TO_BRAND,CREST_DATA_DEV
CREST_DATA_DEV.GTMC_ADAPT_TRANSFORMATIONS.V_XREF_ADAPT_BR_TO_MOLECULE_LIST,CREST_DATA_DEV.GTMC_ADAPT_TRANSFORMATIONS.V_XREF_ADAPT_BR_TO_MOLECULE_LIST,CREST_DATA_DEV
CREST_DATA_DEV.GTMC_ADAPT_TRANSFORMATIONS.V_XREF_ADAPT_BR_TO_LOCAL_BRAND,CREST_DATA_DEV.GTMC_ADAPT_TRANSFORMATIONS.V_XREF_ADAPT_BR_TO_LOCAL_BRAND,CREST_DATA_DEV
CREST_DATA_DEV.GTMC_ADAPT_TRANSFORMATIONS.V_XREF_ADAPT_BR_TO_GLOBAL_CORPORATION,CREST_DATA_DEV.GTMC_ADAPT_TRANSFORMATIONS.V_XREF_ADAPT_BR_TO_GLOBAL_CORPORATION,CREST_DATA_DEV
CREST_DATA_DEV.GTMC_ADAPT_TRANSFORMATIONS.V_XREF_ADAPT_BR_TO_SALES_AGGREGATION,CREST_DATA_DEV.GTMC_ADAPT_TRANSFORMATIONS.V_XREF_ADAPT_BR_TO_SALES_AGGREGATION,CREST_DATA_DEV
CREST_DATA_DEV.GTMC_ADAPT_TRANSFORMATIONS.V_XREF_ADAPT_BR_TO_SALES_SUBNATIONAL_ISP_ALL,CREST_DATA_DEV.GTMC_ADAPT_TRANSFORMATIONS.V_XREF_ADAPT_BR_TO_SALES_SUBNATIONAL_ISP_ALL,CREST_DATA_DEV
SHR_DF_MARKET_UAT.DF_MARKET_UAT_DMT_SALES_MARKET_SN_CREST.SOURCE,SHR_DF_MARKET_UAT.DF_MARKET_UAT_DMT_SALES_MARKET_SN_CREST.SOURCE,SHR_DF_MARKET_UAT
CREST_DATA_DEV.GTMC_ADAPT_TRANSFORMATIONS.V_SOURCE_ADAPT,CREST_DATA_DEV.GTMC_ADAPT_TRANSFORMATIONS.V_SOURCE_ADAPT,CREST_DATA_DEV
V_PRODUCT_ISP_ALL_ADAPT_LTM_MX_DDD_BASE_WIDE,V_PRODUCT_ISP_ALL_ADAPT_LTM_MX_DDD_BASE_WIDE,V_PRODUCT_ISP_ALL_ADAPT_LTM_MX_DDD_BASE_WIDE
V_PRODUCT_ISP_ALL_ADAPT_LTM_GOB360,V_PRODUCT_ISP_ALL_ADAPT_LTM_GOB360,V_PRODUCT_ISP_ALL_ADAPT_LTM_GOB360
CREST_DATA_DEV.GTMC_CREST.V_MOLECULE_LIST,CREST_DATA_DEV.GTMC_CREST.V_MOLECULE_LIST,CREST_DATA_DEV
SHR_DF_CI_PROD.DF_CI_PROD_DMT_CIA_CREST.DIM_TEAM_TERR_ASSIGNMENT,SHR_DF_CI_PROD.DF_CI_PROD_DMT_CIA_CREST.DIM_TEAM_TERR_ASSIGNMENT,SHR_DF_CI_PROD
SHR_DF_MARKET_PROD.DF_MARKET_PROD_DMT_COMM_SALES.DIM_CUSTOMER,SHR_DF_MARKET_PROD.DF_MARKET_PROD_DMT_COMM_SALES.DIM_CUSTOMER,SHR_DF_MARKET_PROD
CREST_DATA_DEV.GTMC_ADAPT_TRANSFORMATIONS.V_SALES_ORDER_ADAPT,CREST_DATA_DEV.GTMC_ADAPT_TRANSFORMATIONS.V_SALES_ORDER_ADAPT,CREST_DATA_DEV
V_TEAM_TO_SANOFI_MARKETS,V_TEAM_TO_SANOFI_MARKETS,V_TEAM_TO_SANOFI_MARKETS
SHR_DF_MARKET_PROD.DF_MARKET_PROD_DMT_SALES_MARKET_SN_CREST.GEOGRAPHY_SUBNATIONAL,SHR_DF_MARKET_PROD.DF_MARKET_PROD_DMT_SALES_MARKET_SN_CREST.GEOGRAPHY_SUBNATIONAL,SHR_DF_MARKET_PROD
V_TEAM_TO_SANOFI_MARKETS_MSDF_CANDIDATES,V_TEAM_TO_SANOFI_MARKETS_MSDF_CANDIDATES,V_TEAM_TO_SANOFI_MARKETS_MSDF_CANDIDATES
CREST_DATA_DEV.GTMC_XFOUNDATION_XREFERENCES.V_XREF_CE_INN_TO_MSDF_MOLECULE_LIST,CREST_DATA_DEV.GTMC_XFOUNDATION_XREFERENCES.V_XREF_CE_INN_TO_MSDF_MOLECULE_LIST,CREST_DATA_DEV
CREST_DATA_DEV.GTMC_CREST.V_MARKET,CREST_DATA_DEV.GTMC_CREST.V_MARKET,CREST_DATA_DEV
CREST_DATA_DEV.GTMC_CREST.GEO_CUSTOMER,CREST_DATA_DEV.GTMC_CREST.GEO_CUSTOMER,CREST_DATA_DEV
CREST_DATA_DEV.GTMC_CREST.SALES_SUBNATIONAL_ISP_ALL_MKTS,CREST_DATA_DEV.GTMC_CREST.SALES_SUBNATIONAL_ISP_ALL_MKTS,CREST_DATA_DEV
CREST_DATA_DEV.GTMC_CREST.V_TEAM_SOURCE_MARKET_TO_REFERENCE_MEASURES,CREST_DATA_DEV.GTMC_CREST.V_TEAM_SOURCE_MARKET_TO_REFERENCE_MEASURES,CREST_DATA_DEV
CREST_DATA_DEV.GTMC_ADAPT_TRANSFORMATIONS.SALES_SUBNATIONAL_ISP_ALL_MKTS_ADAPT,CREST_DATA_DEV.GTMC_ADAPT_TRANSFORMATIONS.SALES_SUBNATIONAL_ISP_ALL_MKTS_ADAPT,CREST_DATA_DEV
CREST_DATA_DEV.GTMC_MSDF_TRANSFORMATIONS.SALES_SUBNATIONAL_ISP_ALL_MKTS_MSDF,CREST_DATA_DEV.GTMC_MSDF_TRANSFORMATIONS.SALES_SUBNATIONAL_ISP_ALL_MKTS_MSDF,CREST_DATA_DEV
V_XREF_ADAPT_LTM_MX_DDD_BASE_WIDE_TO_HARMONIZED_LOCAL_BRAND,V_XREF_ADAPT_LTM_MX_DDD_BASE_WIDE_TO_HARMONIZED_LOCAL_BRAND,V_XREF_ADAPT_LTM_MX_DDD_BASE_WIDE_TO_HARMONIZED_LOCAL_BRAND
CREST_DATA_DEV.GTMC_ADAPT_TRANSFORMATIONS.V_XREF_ADAPT_LTM_MX_DDD_BASE_WIDE_TO_LOCAL_MANUFACTURER,CREST_DATA_DEV.GTMC_ADAPT_TRANSFORMATIONS.V_XREF_ADAPT_LTM_MX_DDD_BASE_WIDE_TO_LOCAL_MANUFACTURER,CREST_DATA_DEV
V_XREF_ADAPT_LTM_MX_DDD_BASE_WIDE_TO_HARMONIZED_GLOBAL_PRODUCT,V_XREF_ADAPT_LTM_MX_DDD_BASE_WIDE_TO_HARMONIZED_GLOBAL_PRODUCT,V_XREF_ADAPT_LTM_MX_DDD_BASE_WIDE_TO_HARMONIZED_GLOBAL_PRODUCT
CREST_DATA_DEV.GTMC_ADAPT_TRANSFORMATIONS.V_XREF_ADAPT_LTM_MX_DDD_BASE_WIDE_TO_LOCAL_BRAND,CREST_DATA_DEV.GTMC_ADAPT_TRANSFORMATIONS.V_XREF_ADAPT_LTM_MX_DDD_BASE_WIDE_TO_LOCAL_BRAND,CREST_DATA_DEV
CREST_DATA_DEV.GTMC_ADAPT_TRANSFORMATIONS.V_XREF_ADAPT_LTM_MX_DDD_BASE_WIDE_TO_ATC4,CREST_DATA_DEV.GTMC_ADAPT_TRANSFORMATIONS.V_XREF_ADAPT_LTM_MX_DDD_BASE_WIDE_TO_ATC4,CREST_DATA_DEV
V_XREF_ADAPT_LTM_MX_DDD_BASE_WIDE_TO_PRODUCT_ID_ISP_ALL,V_XREF_ADAPT_LTM_MX_DDD_BASE_WIDE_TO_PRODUCT_ID_ISP_ALL,V_XREF_ADAPT_LTM_MX_DDD_BASE_WIDE_TO_PRODUCT_ID_ISP_ALL
CREST_DATA_DEV.GTMC_ADAPT_TRANSFORMATIONS.V_XREF_ADAPT_LTM_MX_DDD_BASE_WIDE_TO_GLOBAL_CORPORATION,CREST_DATA_DEV.GTMC_ADAPT_TRANSFORMATIONS.V_XREF_ADAPT_LTM_MX_DDD_BASE_WIDE_TO_GLOBAL_CORPORATION,CREST_DATA_DEV
CREST_DATA_DEV.GTMC_ADAPT_TRANSFORMATIONS.V_XREF_ADAPT_LTM_MX_DDD_BASE_WIDE_TO_BRAND,CREST_DATA_DEV.GTMC_ADAPT_TRANSFORMATIONS.V_XREF_ADAPT_LTM_MX_DDD_BASE_WIDE_TO_BRAND,CREST_DATA_DEV
CREST_DATA_DEV.GTMC_ADAPT_TRANSFORMATIONS.V_XREF_ADAPT_LTM_MX_DDD_BASE_WIDE_TO_MOLECULE_LIST,CREST_DATA_DEV.GTMC_ADAPT_TRANSFORMATIONS.V_XREF_ADAPT_LTM_MX_DDD_BASE_WIDE_TO_MOLECULE_LIST,CREST_DATA_DEV
V_XREF_ADAPT_UKIE_TFT_SOCIAL_TO_BRAND,V_XREF_ADAPT_UKIE_TFT_SOCIAL_TO_BRAND,V_XREF_ADAPT_UKIE_TFT_SOCIAL_TO_BRAND
V_XREF_ADAPT_UKIE_TFT_SOCIAL_TO_HARMONIZED_LOCAL_BRAND,V_XREF_ADAPT_UKIE_TFT_SOCIAL_TO_HARMONIZED_LOCAL_BRAND,V_XREF_ADAPT_UKIE_TFT_SOCIAL_TO_HARMONIZED_LOCAL_BRAND
V_XREF_ADAPT_UKIE_TFT_SOCIAL_TO_MOLECULE_LIST,V_XREF_ADAPT_UKIE_TFT_SOCIAL_TO_MOLECULE_LIST,V_XREF_ADAPT_UKIE_TFT_SOCIAL_TO_MOLECULE_LIST
V_XREF_ADAPT_UKIE_TFT_SOCIAL_TO_LOCAL_BRAND,V_XREF_ADAPT_UKIE_TFT_SOCIAL_TO_LOCAL_BRAND,V_XREF_ADAPT_UKIE_TFT_SOCIAL_TO_LOCAL_BRAND
V_XREF_ADAPT_UKIE_TFT_SOCIAL_TO_GLOBAL_CORPORATION,V_XREF_ADAPT_UKIE_TFT_SOCIAL_TO_GLOBAL_CORPORATION,V_XREF_ADAPT_UKIE_TFT_SOCIAL_TO_GLOBAL_CORPORATION
V_XREF_ADAPT_UKIE_TFT_SOCIAL_TO_HARMONIZED_GLOBAL_PRODUCT,V_XREF_ADAPT_UKIE_TFT_SOCIAL_TO_HARMONIZED_GLOBAL_PRODUCT,V_XREF_ADAPT_UKIE_TFT_SOCIAL_TO_HARMONIZED_GLOBAL_PRODUCT
V_XREF_ADAPT_UKIE_TFT_SOCIAL_TO_LOCAL_MANUFACTURER,V_XREF_ADAPT_UKIE_TFT_SOCIAL_TO_LOCAL_MANUFACTURER,V_XREF_ADAPT_UKIE_TFT_SOCIAL_TO_LOCAL_MANUFACTURER
V_XREF_ADAPT_UKIE_TFT_SOCIAL_TO_ATC4,V_XREF_ADAPT_UKIE_TFT_SOCIAL_TO_ATC4,V_XREF_ADAPT_UKIE_TFT_SOCIAL_TO_ATC4
V_SALES_AGGREGATION_ADAPT_BR,V_SALES_AGGREGATION_ADAPT_BR,V_SALES_AGGREGATION_ADAPT_BR
CREST_DATA_DEV.GTMC_CREST.V_XREF_LCL_MANUFACTURER_TO_GLOBAL_CORPORATON_ONEPRODUCT,CREST_DATA_DEV.GTMC_CREST.V_XREF_LCL_MANUFACTURER_TO_GLOBAL_CORPORATON_ONEPRODUCT,CREST_DATA_DEV
CREST_DATA_DEV.GTMC_CREST.V_GLOBAL_CORPORATION_ONEPRODUCT,CREST_DATA_DEV.GTMC_CREST.V_GLOBAL_CORPORATION_ONEPRODUCT,CREST_DATA_DEV
SHR_DF_MARKET_UAT.DF_MARKET_UAT_DMT_SALES_MARKET_SN_CREST.PRODUCT_LOCAL_CODE_ISP_ALL,SHR_DF_MARKET_UAT.DF_MARKET_UAT_DMT_SALES_MARKET_SN_CREST.PRODUCT_LOCAL_CODE_ISP_ALL,SHR_DF_MARKET_UAT
CREST_DATA_DEV.GTMC_CREST.HCO_TO_TERRITORY,CREST_DATA_DEV.GTMC_CREST.HCO_TO_TERRITORY,CREST_DATA_DEV
CREST_DATA_DEV.GTMC_CREST.TEAM_TO_BRAND_DISEASE,CREST_DATA_DEV.GTMC_CREST.TEAM_TO_BRAND_DISEASE,CREST_DATA_DEV
CREST_DATA_DEV.GTMC_CREST.V_DMT_SALES_IN_CREDITED_SALES,CREST_DATA_DEV.GTMC_CREST.V_DMT_SALES_IN_CREDITED_SALES,CREST_DATA_DEV
SHR_DF_MARKET_PROD.DF_MARKET_PROD_DMT_COMM_SALES.DMT_DELIVERY,SHR_DF_MARKET_PROD.DF_MARKET_PROD_DMT_COMM_SALES.DMT_DELIVERY,SHR_DF_MARKET_PROD
SHR_DF_MARKET_PROD.DF_MARKET_PROD_DMT_COMM_SALES.DMT_INVOICE,SHR_DF_MARKET_PROD.DF_MARKET_PROD_DMT_COMM_SALES.DMT_INVOICE,SHR_DF_MARKET_PROD
SHR_DF_MARKET_PROD.DF_MARKET_PROD_DMT_COMM_SALES.DIM_PRODUCT,SHR_DF_MARKET_PROD.DF_MARKET_PROD_DMT_COMM_SALES.DIM_PRODUCT,SHR_DF_MARKET_PROD
SHR_DF_MARKET_PROD.DF_MARKET_PROD_DMT_COMM_SALES.DMT_SALES_ORDERS,SHR_DF_MARKET_PROD.DF_MARKET_PROD_DMT_COMM_SALES.DMT_SALES_ORDERS,SHR_DF_MARKET_PROD
CREST_DATA_DEV.GTMC_CREST.DMT_SALES_IN_CREDITED_SALES,CREST_DATA_DEV.GTMC_CREST.DMT_SALES_IN_CREDITED_SALES,CREST_DATA_DEV
TEAM_TO_MARKETS,TEAM_TO_MARKETS,TEAM_TO_MARKETS
CREST_DATA_DEV.GTMC_MSDF_TRANSFORMATIONS.V_MARKET_PRODUCT_MARKET_ISP_ALL_MSDF,CREST_DATA_DEV.GTMC_MSDF_TRANSFORMATIONS.V_MARKET_PRODUCT_MARKET_ISP_ALL_MSDF,CREST_DATA_DEV
V_XREF_MOLECULE_LIST_TO_BRND_NAME_MX_UNIQUE,V_XREF_MOLECULE_LIST_TO_BRND_NAME_MX_UNIQUE,V_XREF_MOLECULE_LIST_TO_BRND_NAME_MX_UNIQUE
V_XREF_MOLECULE_LIST_TO_GBL_CORP_MX_UNIQUE,V_XREF_MOLECULE_LIST_TO_GBL_CORP_MX_UNIQUE,V_XREF_MOLECULE_LIST_TO_GBL_CORP_MX_UNIQUE
V_XREF_ADAPT_UKIE_PATIENT_SALES_TO_CALENDAR,V_XREF_ADAPT_UKIE_PATIENT_SALES_TO_CALENDAR,V_XREF_ADAPT_UKIE_PATIENT_SALES_TO_CALENDAR
SHR_DF_CI_UAT.DF_CI_UAT_DMT_CIA_CREST.DIM_HCO,SHR_DF_CI_UAT.DF_CI_UAT_DMT_CIA_CREST.DIM_HCO,SHR_DF_CI_UAT
CREST_DATA_DEV.GTMC_CREST.V_TEAM_TO_MARKETS_CANDIDATES,CREST_DATA_DEV.GTMC_CREST.V_TEAM_TO_MARKETS_CANDIDATES,CREST_DATA_DEV
SHR_DF_CI_PROD.DF_CI_PROD_DMT_CIA_CREST.FCT_REP_F2F,SHR_DF_CI_PROD.DF_CI_PROD_DMT_CIA_CREST.FCT_REP_F2F,SHR_DF_CI_PROD
SHR_DF_MARKET_UAT.DF_MARKET_UAT_DMT_SALES_MARKET_SN_CREST.BRAND,SHR_DF_MARKET_UAT.DF_MARKET_UAT_DMT_SALES_MARKET_SN_CREST.BRAND,SHR_DF_MARKET_UAT
SHR_DF_MARKET_UAT.DF_MARKET_UAT_DMT_SALES_MARKET_SN_CREST.COUNTRY,SHR_DF_MARKET_UAT.DF_MARKET_UAT_DMT_SALES_MARKET_SN_CREST.COUNTRY,SHR_DF_MARKET_UAT
SHR_COMM_ITA_PROD.COMM_ITA_PROD_DMT_COMM_ITA.DMT_SALES_IN_TERR,SHR_COMM_ITA_PROD.COMM_ITA_PROD_DMT_COMM_ITA.DMT_SALES_IN_TERR,SHR_COMM_ITA_PROD
SHR_COMM_ITA_PROD.COMM_ITA_PROD_DMT_COMM_ITA.DIM_TERRITORY,SHR_COMM_ITA_PROD.COMM_ITA_PROD_DMT_COMM_ITA.DIM_TERRITORY,SHR_COMM_ITA_PROD
SHR_COMM_ITA_PROD.COMM_ITA_PROD_DMT_COMM_ITA.DIM_TERRITORY_BU_NAME,SHR_COMM_ITA_PROD.COMM_ITA_PROD_DMT_COMM_ITA.DIM_TERRITORY_BU_NAME,SHR_COMM_ITA_PROD
SHR_COMM_ITA_PROD.COMM_ITA_PROD_DMT_COMM_ITA.DIM_TEAM,SHR_COMM_ITA_PROD.COMM_ITA_PROD_DMT_COMM_ITA.DIM_TEAM,SHR_COMM_ITA_PROD
SHR_COMM_ITA_PROD.COMM_ITA_PROD_DMT_COMM_ITA.DMT_SALES_IN,SHR_COMM_ITA_PROD.COMM_ITA_PROD_DMT_COMM_ITA.DMT_SALES_IN,SHR_COMM_ITA_PROD
V_CUSTOMER_ADAPT_LTM,V_CUSTOMER_ADAPT_LTM,V_CUSTOMER_ADAPT_LTM
V_CUSTOMER_ADAPT_BR,V_CUSTOMER_ADAPT_BR,V_CUSTOMER_ADAPT_BR
V_CUSTOMER_ADAPT_UKIE,V_CUSTOMER_ADAPT_UKIE,V_CUSTOMER_ADAPT_UKIE
V_DIM_CUST_TEAM_TO_TERRITORY,V_DIM_CUST_TEAM_TO_TERRITORY,V_DIM_CUST_TEAM_TO_TERRITORY
CREST_DATA_DEV.GTMC_CREST.DMT_SALES_IN,CREST_DATA_DEV.GTMC_CREST.DMT_SALES_IN,CREST_DATA_DEV
V_XREF_ADAPT_LTM_GOB360_TO_PRODUCT_ID_ISP_ALL,V_XREF_ADAPT_LTM_GOB360_TO_PRODUCT_ID_ISP_ALL,V_XREF_ADAPT_LTM_GOB360_TO_PRODUCT_ID_ISP_ALL
CREST_DATA_DEV.GTMC_ADAPT_TRANSFORMATIONS.V_XREF_ADAPT_LTM_GOB360_TO_LOCAL_BRAND,CREST_DATA_DEV.GTMC_ADAPT_TRANSFORMATIONS.V_XREF_ADAPT_LTM_GOB360_TO_LOCAL_BRAND,CREST_DATA_DEV
V_XREF_ADAPT_LTM_GOB360_TO_HARMONIZED_GLOBAL_PRODUCT,V_XREF_ADAPT_LTM_GOB360_TO_HARMONIZED_GLOBAL_PRODUCT,V_XREF_ADAPT_LTM_GOB360_TO_HARMONIZED_GLOBAL_PRODUCT
CREST_DATA_DEV.GTMC_ADAPT_TRANSFORMATIONS.V_XREF_ADAPT_LTM_GOB360_TO_LOCAL_MANUFACTURER,CREST_DATA_DEV.GTMC_ADAPT_TRANSFORMATIONS.V_XREF_ADAPT_LTM_GOB360_TO_LOCAL_MANUFACTURER,CREST_DATA_DEV
CREST_DATA_DEV.GTMC_ADAPT_TRANSFORMATIONS.V_XREF_ADAPT_LTM_GOB360_TO_ATC4,CREST_DATA_DEV.GTMC_ADAPT_TRANSFORMATIONS.V_XREF_ADAPT_LTM_GOB360_TO_ATC4,CREST_DATA_DEV
CREST_DATA_DEV.GTMC_ADAPT_TRANSFORMATIONS.V_XREF_ADAPT_LTM_GOB360_TO_BRAND,CREST_DATA_DEV.GTMC_ADAPT_TRANSFORMATIONS.V_XREF_ADAPT_LTM_GOB360_TO_BRAND,CREST_DATA_DEV
V_XREF_ADAPT_LTM_GOB360_TO_HARMONIZED_LOCAL_BRAND,V_XREF_ADAPT_LTM_GOB360_TO_HARMONIZED_LOCAL_BRAND,V_XREF_ADAPT_LTM_GOB360_TO_HARMONIZED_LOCAL_BRAND
CREST_DATA_DEV.GTMC_ADAPT_TRANSFORMATIONS.V_XREF_ADAPT_LTM_GOB360_TO_MOLECULE_LIST,CREST_DATA_DEV.GTMC_ADAPT_TRANSFORMATIONS.V_XREF_ADAPT_LTM_GOB360_TO_MOLECULE_LIST,CREST_DATA_DEV
CREST_DATA_DEV.GTMC_ADAPT_TRANSFORMATIONS.V_XREF_ADAPT_LTM_GOB360_TO_GLOBAL_CORPORATION,CREST_DATA_DEV.GTMC_ADAPT_TRANSFORMATIONS.V_XREF_ADAPT_LTM_GOB360_TO_GLOBAL_CORPORATION,CREST_DATA_DEV
CREST_DATA_DEV.GTMC_MSDF_TRANSFORMATIONS.V_XREF_BRAND_MOLECULE_LISTS_TO_ATC_CLSF_CDS,CREST_DATA_DEV.GTMC_MSDF_TRANSFORMATIONS.V_XREF_BRAND_MOLECULE_LISTS_TO_ATC_CLSF_CDS,CREST_DATA_DEV
SHR_DF_MARKET_UAT.DF_MARKET_UAT_DMT_SALES_MARKET_SN_CREST.CUSTOMER,SHR_DF_MARKET_UAT.DF_MARKET_UAT_DMT_SALES_MARKET_SN_CREST.CUSTOMER,SHR_DF_MARKET_UAT
SHR_COMM_BRA_DEV.COMM_BRA_DEV_DWH_PAP_IQVIA_ED.DWH_M_ED,SHR_COMM_BRA_DEV.COMM_BRA_DEV_DWH_PAP_IQVIA_ED.DWH_M_ED,SHR_COMM_BRA_DEV
SHR_DF_MARKET_PROD.DF_MARKET_PROD_DMT_SALES_MARKET_SN_CREST.CHANNEL,SHR_DF_MARKET_PROD.DF_MARKET_PROD_DMT_SALES_MARKET_SN_CREST.CHANNEL,SHR_DF_MARKET_PROD
CREST_DATA_DEV.GTMC_ADAPT_TRANSFORMATIONS.V_XREF_ADAPT_LATAM_TO_CALENDAR,CREST_DATA_DEV.GTMC_ADAPT_TRANSFORMATIONS.V_XREF_ADAPT_LATAM_TO_CALENDAR,CREST_DATA_DEV
CREST_DATA_DEV.GTMC_ADAPT_TRANSFORMATIONS.V_XREF_ADAPT_LATAM_TO_CHANNEL,CREST_DATA_DEV.GTMC_ADAPT_TRANSFORMATIONS.V_XREF_ADAPT_LATAM_TO_CHANNEL,CREST_DATA_DEV
CREST_DATA_DEV.GTMC_ADAPT_TRANSFORMATIONS.V_XREF_ADAPT_LATAM_TO_GEOGRAPHY_SUBNATIONAL,CREST_DATA_DEV.GTMC_ADAPT_TRANSFORMATIONS.V_XREF_ADAPT_LATAM_TO_GEOGRAPHY_SUBNATIONAL,CREST_DATA_DEV
COMBINED_DATA,COMBINED_DATA,COMBINED_DATA
CO_MODIFIED_CHANNEL,CO_MODIFIED_CHANNEL,CO_MODIFIED_CHANNEL
CREST_DATA_DEV.GTMC_ADAPT_TRANSFORMATIONS.V_XREF_ADAPT_LATAM_TO_PRODUCT_ID_ISP_ALL,CREST_DATA_DEV.GTMC_ADAPT_TRANSFORMATIONS.V_XREF_ADAPT_LATAM_TO_PRODUCT_ID_ISP_ALL,CREST_DATA_DEV
CREST_DATA_DEV.GTMC_ADAPT_TRANSFORMATIONS.V_CUSTOMER_ADAPT_LTM,CREST_DATA_DEV.GTMC_ADAPT_TRANSFORMATIONS.V_CUSTOMER_ADAPT_LTM,CREST_DATA_DEV
V_XREF_ADAPT_LTM_MX_DDD_BASE_WIDE_TO_CHANNEL,V_XREF_ADAPT_LTM_MX_DDD_BASE_WIDE_TO_CHANNEL,V_XREF_ADAPT_LTM_MX_DDD_BASE_WIDE_TO_CHANNEL
V_XREF_ADAPT_LTM_MX_DDD_BASE_WIDE_TO_CALENDAR,V_XREF_ADAPT_LTM_MX_DDD_BASE_WIDE_TO_CALENDAR,V_XREF_ADAPT_LTM_MX_DDD_BASE_WIDE_TO_CALENDAR
SHR_DF_MARKET_UAT.DF_MARKET_UAT_DMT_SALES_MARKET_SN_CREST.INGREDIENT_LST,SHR_DF_MARKET_UAT.DF_MARKET_UAT_DMT_SALES_MARKET_SN_CREST.INGREDIENT_LST,SHR_DF_MARKET_UAT
SALES_SUBNATIONAL_ISP_ALL_ADAPT,SALES_SUBNATIONAL_ISP_ALL_ADAPT,SALES_SUBNATIONAL_ISP_ALL_ADAPT
V_XREF_MOLECULE_LIST_TO_LCL_MANUFACTURER_MX_UNIQUE,V_XREF_MOLECULE_LIST_TO_LCL_MANUFACTURER_MX_UNIQUE,V_XREF_MOLECULE_LIST_TO_LCL_MANUFACTURER_MX_UNIQUE
CREST_DATA_DEV.GTMC_SANDBOX.V_XREF_BRAND_IDS_TO_ATC_CLSF_CDS,CREST_DATA_DEV.GTMC_SANDBOX.V_XREF_BRAND_IDS_TO_ATC_CLSF_CDS,CREST_DATA_DEV
CREST_DATA_DEV.GTMC_CREST.V_DMT_SALES_IN_ACTIVE_CREST_TEAMS,CREST_DATA_DEV.GTMC_CREST.V_DMT_SALES_IN_ACTIVE_CREST_TEAMS,CREST_DATA_DEV
V_TEAM_TO_MARKETS_MSDF_CANDIDATES,V_TEAM_TO_MARKETS_MSDF_CANDIDATES,V_TEAM_TO_MARKETS_MSDF_CANDIDATES
V_CE_GEO_STATES,V_CE_GEO_STATES,V_CE_GEO_STATES
V_CE_POSTAL_CODES,V_CE_POSTAL_CODES,V_CE_POSTAL_CODES
CREST_DATA_DEV.GTMC_ADAPT_TRANSFORMATIONS.V_GEOGRAPHY_SUBNATIONAL_ADAPT,CREST_DATA_DEV.GTMC_ADAPT_TRANSFORMATIONS.V_GEOGRAPHY_SUBNATIONAL_ADAPT,CREST_DATA_DEV
CREST_DATA_DEV.GTMC_MSDF_TRANSFORMATIONS.V_GEOGRAPHY_SUBNATIONAL_MSDF,CREST_DATA_DEV.GTMC_MSDF_TRANSFORMATIONS.V_GEOGRAPHY_SUBNATIONAL_MSDF,CREST_DATA_DEV
V_CALENDAR_ADAPT_UKIE,V_CALENDAR_ADAPT_UKIE,V_CALENDAR_ADAPT_UKIE
V_CALENDAR_ADAPT_BR,V_CALENDAR_ADAPT_BR,V_CALENDAR_ADAPT_BR
V_CHANNEL_ADAPT_BR,V_CHANNEL_ADAPT_BR,V_CHANNEL_ADAPT_BR
V_CHANNEL_ADAPT_UKIE,V_CHANNEL_ADAPT_UKIE,V_CHANNEL_ADAPT_UKIE
CREST_DATA_DEV.GTMC_CREST.V_XREF_BRAND_IDS_TO_HRMZD_LCL_BRND_IDS_ONEPRODUCT,CREST_DATA_DEV.GTMC_CREST.V_XREF_BRAND_IDS_TO_HRMZD_LCL_BRND_IDS_ONEPRODUCT,CREST_DATA_DEV
CREST_DATA_DEV.GTMC_CREST.V_HARMONIZED_LOCAL_BRAND_ONEPRODUCT,CREST_DATA_DEV.GTMC_CREST.V_HARMONIZED_LOCAL_BRAND_ONEPRODUCT,CREST_DATA_DEV
SHR_DF_MARKET_PROD.DF_MARKET_PROD_DMT_SALES_MARKET_SN_CREST.PRODUCT_LOCAL_CODE_ISP_ALL,SHR_DF_MARKET_PROD.DF_MARKET_PROD_DMT_SALES_MARKET_SN_CREST.PRODUCT_LOCAL_CODE_ISP_ALL,SHR_DF_MARKET_PROD
CREST_DATA_DEV.GTMC_ADAPT_TRANSFORMATIONS.SALES_SUBNATIONAL_ISP_ALL_ADAPT,CREST_DATA_DEV.GTMC_ADAPT_TRANSFORMATIONS.SALES_SUBNATIONAL_ISP_ALL_ADAPT,CREST_DATA_DEV
CREST_DATA_DEV.GTMC_ADAPT_TRANSFORMATIONS.V_PRODUCT_MARKET_ISP_ALL_ADAPT,CREST_DATA_DEV.GTMC_ADAPT_TRANSFORMATIONS.V_PRODUCT_MARKET_ISP_ALL_ADAPT,CREST_DATA_DEV
CREST_DATA_DEV.GTMC_MSDF_TRANSFORMATIONS.V_CALENDAR_MSDF,CREST_DATA_DEV.GTMC_MSDF_TRANSFORMATIONS.V_CALENDAR_MSDF,CREST_DATA_DEV
CREST_DATA_DEV.GTMC_ADAPT_TRANSFORMATIONS.V_CALENDAR_ADAPT,CREST_DATA_DEV.GTMC_ADAPT_TRANSFORMATIONS.V_CALENDAR_ADAPT,CREST_DATA_DEV
CREST_DATA_DEV.GTMC_ADAPT_TRANSFORMATIONS.V_XREF_ADAPT_BR_TO_HARMONIZED_LOCAL_BRAND,CREST_DATA_DEV.GTMC_ADAPT_TRANSFORMATIONS.V_XREF_ADAPT_BR_TO_HARMONIZED_LOCAL_BRAND,CREST_DATA_DEV
CREST_DATA_DEV.GTMC_ADAPT_TRANSFORMATIONS.V_XREF_ADAPT_BR_TO_HARMONIZED_GLOBAL_PRODUCT,CREST_DATA_DEV.GTMC_ADAPT_TRANSFORMATIONS.V_XREF_ADAPT_BR_TO_HARMONIZED_GLOBAL_PRODUCT,CREST_DATA_DEV
CREST_DATA_DEV.GTMC_ADAPT_TRANSFORMATIONS.V_SALES_AGGREGATION_ADAPT,CREST_DATA_DEV.GTMC_ADAPT_TRANSFORMATIONS.V_SALES_AGGREGATION_ADAPT,CREST_DATA_DEV
V_CRM_GEO_HIERARCHY_MSDF,V_CRM_GEO_HIERARCHY_MSDF,V_CRM_GEO_HIERARCHY_MSDF
SHR_COMM_BRA_DEV.COMM_BRA_DEV_DMT_PAP.DIM_V_PDV,SHR_COMM_BRA_DEV.COMM_BRA_DEV_DMT_PAP.DIM_V_PDV,SHR_COMM_BRA_DEV
SHR_COMM_BRA_DEV.COMM_BRA_DEV_DMT_PAP.DIM_BRICK_CIDADE,SHR_COMM_BRA_DEV.COMM_BRA_DEV_DMT_PAP.DIM_BRICK_CIDADE,SHR_COMM_BRA_DEV
V_DMT_MX_GOB360_BASE_INTERIM,V_DMT_MX_GOB360_BASE_INTERIM,V_DMT_MX_GOB360_BASE_INTERIM
V_PRODUCT_ISP_ALL_INTERIM,V_PRODUCT_ISP_ALL_INTERIM,V_PRODUCT_ISP_ALL_INTERIM
SHR_DF_MARKET_PROD.DF_MARKET_PROD_DMT_SALES_MARKET_SN_CREST.PRODUCT,SHR_DF_MARKET_PROD.DF_MARKET_PROD_DMT_SALES_MARKET_SN_CREST.PRODUCT,SHR_DF_MARKET_PROD
V_SALES_SUBNATIONAL_ISP_ALL_ADAPT_LTM,V_SALES_SUBNATIONAL_ISP_ALL_ADAPT_LTM,V_SALES_SUBNATIONAL_ISP_ALL_ADAPT_LTM
V_SALES_SUBNATIONAL_ISP_ALL_ADAPT_UKIE,V_SALES_SUBNATIONAL_ISP_ALL_ADAPT_UKIE,V_SALES_SUBNATIONAL_ISP_ALL_ADAPT_UKIE
V_SALES_SUBNATIONAL_ISP_ALL_ADAPT_BR,V_SALES_SUBNATIONAL_ISP_ALL_ADAPT_BR,V_SALES_SUBNATIONAL_ISP_ALL_ADAPT_BR
V_XREF_ADAPT_LTM_GOB360_TO_SALES_SUBNATIONAL_ISP_ALL,V_XREF_ADAPT_LTM_GOB360_TO_SALES_SUBNATIONAL_ISP_ALL,V_XREF_ADAPT_LTM_GOB360_TO_SALES_SUBNATIONAL_ISP_ALL
V_XREF_ADAPT_LTM_MX_DDD_BASE_WIDE_TO_SALES_SUBNATIONAL_ISP_ALL,V_XREF_ADAPT_LTM_MX_DDD_BASE_WIDE_TO_SALES_SUBNATIONAL_ISP_ALL,V_XREF_ADAPT_LTM_MX_DDD_BASE_WIDE_TO_SALES_SUBNATIONAL_ISP_ALL
V_XREF_ADAPT_LTM_GOB360_TO_CALENDAR,V_XREF_ADAPT_LTM_GOB360_TO_CALENDAR,V_XREF_ADAPT_LTM_GOB360_TO_CALENDAR
V_XREF_ADAPT_LTM_GOB360_TO_SALES_EVENT_CLASSIFICATION,V_XREF_ADAPT_LTM_GOB360_TO_SALES_EVENT_CLASSIFICATION,V_XREF_ADAPT_LTM_GOB360_TO_SALES_EVENT_CLASSIFICATION
V_XREF_ADAPT_LTM_GOB360_TO_CHANNEL,V_XREF_ADAPT_LTM_GOB360_TO_CHANNEL,V_XREF_ADAPT_LTM_GOB360_TO_CHANNEL
V_XREF_ADAPT_LTM_GOB360_TO_PURCHASE_TYPE,V_XREF_ADAPT_LTM_GOB360_TO_PURCHASE_TYPE,V_XREF_ADAPT_LTM_GOB360_TO_PURCHASE_TYPE
V_DMT_MX_GOB360_BASE_WIDE,V_DMT_MX_GOB360_BASE_WIDE,V_DMT_MX_GOB360_BASE_WIDE
V_XREF_ADAPT_LTM_GOB360_TO_PROVIDER,V_XREF_ADAPT_LTM_GOB360_TO_PROVIDER,V_XREF_ADAPT_LTM_GOB360_TO_PROVIDER
V_XREF_ADAPT_LTM_GOB360_TO_CUSTOMER,V_XREF_ADAPT_LTM_GOB360_TO_CUSTOMER,V_XREF_ADAPT_LTM_GOB360_TO_CUSTOMER
CREST_DATA_DEV.GTMC_ADAPT_TRANSFORMATIONS.V_PATIENT_ADAPT,CREST_DATA_DEV.GTMC_ADAPT_TRANSFORMATIONS.V_PATIENT_ADAPT,CREST_DATA_DEV
V_TEAM_TO_SANOFI_MARKETS_CANDIDATES,V_TEAM_TO_SANOFI_MARKETS_CANDIDATES,V_TEAM_TO_SANOFI_MARKETS_CANDIDATES
SHR_DF_MARKET_UAT.DF_MARKET_UAT_DMT_ONEPRODUCT.DT_ONEPRODUCT_CE,SHR_DF_MARKET_UAT.DF_MARKET_UAT_DMT_ONEPRODUCT.DT_ONEPRODUCT_CE,SHR_DF_MARKET_UAT
CREST_DATA_DEV.GTMC_XFOUNDATION_XREFERENCES.V_XREF_CE_GLOBAL_BRAND_NAME_TO_MSDF_HARMONIZED_GLOBAL_PRODUCT,CREST_DATA_DEV.GTMC_XFOUNDATION_XREFERENCES.V_XREF_CE_GLOBAL_BRAND_NAME_TO_MSDF_HARMONIZED_GLOBAL_PRODUCT,CREST_DATA_DEV
V_XREF_CE_GLOBAL_BRAND_NAME_TO_MSDF_HARMONIZED_GLOBAL_PRODUCT,V_XREF_CE_GLOBAL_BRAND_NAME_TO_MSDF_HARMONIZED_GLOBAL_PRODUCT,V_XREF_CE_GLOBAL_BRAND_NAME_TO_MSDF_HARMONIZED_GLOBAL_PRODUCT
CREST_DATA_DEV.GTMC_CREST.V_FACT_TEAM,CREST_DATA_DEV.GTMC_CREST.V_FACT_TEAM,CREST_DATA_DEV
TEAM_TO_MARKET_DEFINITIONS,TEAM_TO_MARKET_DEFINITIONS,TEAM_TO_MARKET_DEFINITIONS
CREST_DATA_DEV.GTMC_ADAPT_TRANSFORMATIONS.TFT_SALES_CEP_DAY_FOCUSED_SOCIAL,CREST_DATA_DEV.GTMC_ADAPT_TRANSFORMATIONS.TFT_SALES_CEP_DAY_FOCUSED_SOCIAL,CREST_DATA_DEV
CREST_DATA_DEV.GTMC_ADAPT_TRANSFORMATIONS.V_PRODUCT_ISP_ALL_ADAPT,CREST_DATA_DEV.GTMC_ADAPT_TRANSFORMATIONS.V_PRODUCT_ISP_ALL_ADAPT,CREST_DATA_DEV
CREST_DATA_DEV.GTMC_ADAPT_TRANSFORMATIONS.V_XREF_ADAPT_LTM_MX_AR_DDD_BASE_TO_CALENDAR,CREST_DATA_DEV.GTMC_ADAPT_TRANSFORMATIONS.V_XREF_ADAPT_LTM_MX_AR_DDD_BASE_TO_CALENDAR,CREST_DATA_DEV
CREST_DATA_DEV.GTMC_ADAPT_TRANSFORMATIONS.V_XREF_MOLECULE_LIST_TO_BRND_NAME_MX_UNIQUE,CREST_DATA_DEV.GTMC_ADAPT_TRANSFORMATIONS.V_XREF_MOLECULE_LIST_TO_BRND_NAME_MX_UNIQUE,CREST_DATA_DEV
CREST_DATA_DEV.GTMC_ADAPT_TRANSFORMATIONS.V_XREF_ADAPT_UKIE_TFT_SALES_CEP_DAY_TO_PRODUCT_ID_ISP_ALL,CREST_DATA_DEV.GTMC_ADAPT_TRANSFORMATIONS.V_XREF_ADAPT_UKIE_TFT_SALES_CEP_DAY_TO_PRODUCT_ID_ISP_ALL,CREST_DATA_DEV
CREST_DATA_DEV.GTMC_CREST.V_CHANNEL,CREST_DATA_DEV.GTMC_CREST.V_CHANNEL,CREST_DATA_DEV
CREST_DATA_DEV.GTMC_CREST.V_MASTER_ADAPT_TERRITORY_ALIGMENT,CREST_DATA_DEV.GTMC_CREST.V_MASTER_ADAPT_TERRITORY_ALIGMENT,CREST_DATA_DEV
CREST_DATA_DEV.GTMC_CREST.V_TEAM_TO_SANOFI_MARKETS_CANDIDATES,CREST_DATA_DEV.GTMC_CREST.V_TEAM_TO_SANOFI_MARKETS_CANDIDATES,CREST_DATA_DEV
CREST_DATA_DEV.GTMC_ADAPT_TRANSFORMATIONS.V_XREF_ADAPT_UKIE_TFT_SOCIAL_TO_HARMONIZED_GLOBAL_PRODUCT,CREST_DATA_DEV.GTMC_ADAPT_TRANSFORMATIONS.V_XREF_ADAPT_UKIE_TFT_SOCIAL_TO_HARMONIZED_GLOBAL_PRODUCT,CREST_DATA_DEV
CREST_DATA_DEV.GTMC_CREST.V_XREF_BRAND_IDS_TO_HRMZD_GBL_BRND_IDS_ONEPRODUCT,CREST_DATA_DEV.GTMC_CREST.V_XREF_BRAND_IDS_TO_HRMZD_GBL_BRND_IDS_ONEPRODUCT,CREST_DATA_DEV
CREST_DATA_DEV.GTMC_MSDF_TRANSFORMATIONS.V_TEAM_TO_SANOFI_MARKETS_MSDF_CANDIDATES,CREST_DATA_DEV.GTMC_MSDF_TRANSFORMATIONS.V_TEAM_TO_SANOFI_MARKETS_MSDF_CANDIDATES,CREST_DATA_DEV
CREST_DATA_DEV.GTMC_ZAIDYN.V_PRODUCT,CREST_DATA_DEV.GTMC_ZAIDYN.V_PRODUCT,CREST_DATA_DEV
CREST_DATA_DEV.GTMC_ADAPT_TRANSFORMATIONS.V_CALENDAR_ADAPT_UKIE,CREST_DATA_DEV.GTMC_ADAPT_TRANSFORMATIONS.V_CALENDAR_ADAPT_UKIE,CREST_DATA_DEV
CREST_DATA_DEV.GTMC_ADAPT_TRANSFORMATIONS.V_DMT_MX_GOB360_BASE_INTERIM,CREST_DATA_DEV.GTMC_ADAPT_TRANSFORMATIONS.V_DMT_MX_GOB360_BASE_INTERIM,CREST_DATA_DEV
CREST_DATA_DEV.GTMC_ADAPT_TRANSFORMATIONS.V_GEOGRAPHY_SUBNATIONAL_ADAPT_LTM,CREST_DATA_DEV.GTMC_ADAPT_TRANSFORMATIONS.V_GEOGRAPHY_SUBNATIONAL_ADAPT_LTM,CREST_DATA_DEV
CREST_DATA_DEV.GTMC_ADAPT_TRANSFORMATIONS.V_PRODUCT_ISP_ALL_ADAPT_UKIE_PATIENT_SALES,CREST_DATA_DEV.GTMC_ADAPT_TRANSFORMATIONS.V_PRODUCT_ISP_ALL_ADAPT_UKIE_PATIENT_SALES,CREST_DATA_DEV
CREST_DATA_DEV.GTMC_ADAPT_TRANSFORMATIONS.V_XREF_ADAPT_LTM_MX_DDD_BASE_WIDE_TO_HARMONIZED_LOCAL_BRAND,CREST_DATA_DEV.GTMC_ADAPT_TRANSFORMATIONS.V_XREF_ADAPT_LTM_MX_DDD_BASE_WIDE_TO_HARMONIZED_LOCAL_BRAND,CREST_DATA_DEV
CREST_DATA_DEV.GTMC_ADAPT_TRANSFORMATIONS.V_XREF_ADAPT_UKIE_PATIENT_SALES_TO_GLOBAL_CORPORATION,CREST_DATA_DEV.GTMC_ADAPT_TRANSFORMATIONS.V_XREF_ADAPT_UKIE_PATIENT_SALES_TO_GLOBAL_CORPORATION,CREST_DATA_DEV
CREST_DATA_DEV.GTMC_ADAPT_TRANSFORMATIONS.V_XREF_ADAPT_UKIE_TFT_SALES_CEP_DAY_TO_DMT_SALES_ORDERS,CREST_DATA_DEV.GTMC_ADAPT_TRANSFORMATIONS.V_XREF_ADAPT_UKIE_TFT_SALES_CEP_DAY_TO_DMT_SALES_ORDERS,CREST_DATA_DEV
CREST_DATA_DEV.GTMC_ADAPT_TRANSFORMATIONS.V_XREF_ADAPT_UKIE_TFT_SOCIAL_TO_LOCAL_BRAND,CREST_DATA_DEV.GTMC_ADAPT_TRANSFORMATIONS.V_XREF_ADAPT_UKIE_TFT_SOCIAL_TO_LOCAL_BRAND,CREST_DATA_DEV
CREST_DATA_DEV.GTMC_CREST.V_GEO_CUSTOMER,CREST_DATA_DEV.GTMC_CREST.V_GEO_CUSTOMER,CREST_DATA_DEV
CREST_DATA_DEV.GTMC_MSDF_TRANSFORMATIONS.TEAM_TO_MARKET_DEFINITIONS,CREST_DATA_DEV.GTMC_MSDF_TRANSFORMATIONS.TEAM_TO_MARKET_DEFINITIONS,CREST_DATA_DEV
CREST_DATA_DEV.GTMC_ADAPT_TRANSFORMATIONS.V_SALES_ORDER_ADAPT_UKIE,CREST_DATA_DEV.GTMC_ADAPT_TRANSFORMATIONS.V_SALES_ORDER_ADAPT_UKIE,CREST_DATA_DEV
CREST_DATA_DEV.GTMC_ADAPT_TRANSFORMATIONS.V_XREF_ADAPT_UKIE_TFT_SOCIAL_TO_GEOGRAPHY_SUBNATIONAL,CREST_DATA_DEV.GTMC_ADAPT_TRANSFORMATIONS.V_XREF_ADAPT_UKIE_TFT_SOCIAL_TO_GEOGRAPHY_SUBNATIONAL,CREST_DATA_DEV
CREST_DATA_DEV.GTMC_ADAPT_TRANSFORMATIONS.V_XREF_ADAPT_UKIE_TO_PRODUCT_ID_ISP_ALL,CREST_DATA_DEV.GTMC_ADAPT_TRANSFORMATIONS.V_XREF_ADAPT_UKIE_TO_PRODUCT_ID_ISP_ALL,CREST_DATA_DEV
CREST_DATA_DEV.GTMC_CREST.V_PRODUCT_ISP_ALL,CREST_DATA_DEV.GTMC_CREST.V_PRODUCT_ISP_ALL,CREST_DATA_DEV
CREST_DATA_DEV.GTMC_CREST.V_SALES_SUBNATIONAL_ISP_ALL,CREST_DATA_DEV.GTMC_CREST.V_SALES_SUBNATIONAL_ISP_ALL,CREST_DATA_DEV
CREST_DATA_DEV.GTMC_CREST.V_TEAM_TO_MARKETS,CREST_DATA_DEV.GTMC_CREST.V_TEAM_TO_MARKETS,CREST_DATA_DEV
CREST_DATA_DEV.GTMC_ADAPT_TRANSFORMATIONS.V_XREF_ADAPT_UKIE_PATIENT_SALES_TO_MOLECULE_LIST,CREST_DATA_DEV.GTMC_ADAPT_TRANSFORMATIONS.V_XREF_ADAPT_UKIE_PATIENT_SALES_TO_MOLECULE_LIST,CREST_DATA_DEV
CREST_DATA_DEV.GTMC_ADAPT_TRANSFORMATIONS.V_CUSTOMER_ADAPT_BR,CREST_DATA_DEV.GTMC_ADAPT_TRANSFORMATIONS.V_CUSTOMER_ADAPT_BR,CREST_DATA_DEV
CREST_DATA_DEV.GTMC_ADAPT_TRANSFORMATIONS.V_INSTITUCION_TO_UNIDAD_MX_UNIQUE,CREST_DATA_DEV.GTMC_ADAPT_TRANSFORMATIONS.V_INSTITUCION_TO_UNIDAD_MX_UNIQUE,CREST_DATA_DEV
CREST_DATA_DEV.GTMC_ADAPT_TRANSFORMATIONS.V_TEAM_TO_SANOFI_MARKETS_ADAPT_CANDIDATES,CREST_DATA_DEV.GTMC_ADAPT_TRANSFORMATIONS.V_TEAM_TO_SANOFI_MARKETS_ADAPT_CANDIDATES,CREST_DATA_DEV
CREST_DATA_DEV.GTMC_ADAPT_TRANSFORMATIONS.V_XREF_ADAPT_BR_TO_CHANNEL,CREST_DATA_DEV.GTMC_ADAPT_TRANSFORMATIONS.V_XREF_ADAPT_BR_TO_CHANNEL,CREST_DATA_DEV
CREST_DATA_DEV.GTMC_ADAPT_TRANSFORMATIONS.V_CUSTOMER_ADAPT_UKIE,CREST_DATA_DEV.GTMC_ADAPT_TRANSFORMATIONS.V_CUSTOMER_ADAPT_UKIE,CREST_DATA_DEV
CREST_DATA_DEV.GTMC_ADAPT_TRANSFORMATIONS.V_SALES_SUBNATIONAL_ISP_ALL_ADAPT_UKIE,CREST_DATA_DEV.GTMC_ADAPT_TRANSFORMATIONS.V_SALES_SUBNATIONAL_ISP_ALL_ADAPT_UKIE,CREST_DATA_DEV
CREST_DATA_DEV.GTMC_ADAPT_TRANSFORMATIONS.V_XREF_ADAPT_LTM_GOB360_TO_HARMONIZED_GLOBAL_PRODUCT,CREST_DATA_DEV.GTMC_ADAPT_TRANSFORMATIONS.V_XREF_ADAPT_LTM_GOB360_TO_HARMONIZED_GLOBAL_PRODUCT,CREST_DATA_DEV
CREST_DATA_DEV.GTMC_ADAPT_TRANSFORMATIONS.V_XREF_ADAPT_LTM_MX_DDD_BASE_WIDE_TO_CALENDAR,CREST_DATA_DEV.GTMC_ADAPT_TRANSFORMATIONS.V_XREF_ADAPT_LTM_MX_DDD_BASE_WIDE_TO_CALENDAR,CREST_DATA_DEV
CREST_DATA_DEV.GTMC_ADAPT_TRANSFORMATIONS.V_XREF_ADAPT_UKIE_PATIENT_SALES_TO_ATC4,CREST_DATA_DEV.GTMC_ADAPT_TRANSFORMATIONS.V_XREF_ADAPT_UKIE_PATIENT_SALES_TO_ATC4,CREST_DATA_DEV
CREST_DATA_DEV.GTMC_ADAPT_TRANSFORMATIONS.V_XREF_ADAPT_UKIE_PATIENT_SALES_TO_PRODUCT_ID_ISP_ALL,CREST_DATA_DEV.GTMC_ADAPT_TRANSFORMATIONS.V_XREF_ADAPT_UKIE_PATIENT_SALES_TO_PRODUCT_ID_ISP_ALL,CREST_DATA_DEV
CREST_DATA_DEV.GTMC_CREST.V_TEAM_TO_BRAND_DISEASE_CANDIDATES,CREST_DATA_DEV.GTMC_CREST.V_TEAM_TO_BRAND_DISEASE_CANDIDATES,CREST_DATA_DEV
CREST_DATA_DEV.GTMC_MSDF_TRANSFORMATIONS.V_PRODUCT_ISP_ALL_MDM_PRODUCTS,CREST_DATA_DEV.GTMC_MSDF_TRANSFORMATIONS.V_PRODUCT_ISP_ALL_MDM_PRODUCTS,CREST_DATA_DEV
CREST_DATA_DEV.GTMC_MSDF_TRANSFORMATIONS.V_PRODUCT_ISP_ALL_NON_MDM_PRODUCTS_WO_BRND_NAMES_NON_NHS,CREST_DATA_DEV.GTMC_MSDF_TRANSFORMATIONS.V_PRODUCT_ISP_ALL_NON_MDM_PRODUCTS_WO_BRND_NAMES_NON_NHS,CREST_DATA_DEV
CREST_DATA_DEV.GTMC_MSDF_TRANSFORMATIONS.V_SALES_SUBNATIONAL_ISP_ALL_MSDF,CREST_DATA_DEV.GTMC_MSDF_TRANSFORMATIONS.V_SALES_SUBNATIONAL_ISP_ALL_MSDF,CREST_DATA_DEV
CREST_DATA_DEV.GTMC_MSDF_TRANSFORMATIONS.V_XREF_ATC_CLSF_CD_TO_WW_MARKETS_DUPLICATE,CREST_DATA_DEV.GTMC_MSDF_TRANSFORMATIONS.V_XREF_ATC_CLSF_CD_TO_WW_MARKETS_DUPLICATE,CREST_DATA_DEV
CREST_DATA_DEV.GTMC_ADAPT_TRANSFORMATIONS.V_XREF_ADAPT_LATAM_TO_MOLECULE_LIST,CREST_DATA_DEV.GTMC_ADAPT_TRANSFORMATIONS.V_XREF_ADAPT_LATAM_TO_MOLECULE_LIST,CREST_DATA_DEV
CREST_DATA_DEV.GTMC_ADAPT_TRANSFORMATIONS.V_XREF_ADAPT_UKIE_TFT_SOCIAL_TO_BRAND,CREST_DATA_DEV.GTMC_ADAPT_TRANSFORMATIONS.V_XREF_ADAPT_UKIE_TFT_SOCIAL_TO_BRAND,CREST_DATA_DEV
CREST_DATA_DEV.GTMC_CREST.V_CE_GEO_STATES,CREST_DATA_DEV.GTMC_CREST.V_CE_GEO_STATES,CREST_DATA_DEV
CREST_DATA_DEV.GTMC_MSDF_TRANSFORMATIONS.V_CRM_GEO_HIERARCHY_MSDF,CREST_DATA_DEV.GTMC_MSDF_TRANSFORMATIONS.V_CRM_GEO_HIERARCHY_MSDF,CREST_DATA_DEV
CREST_DATA_DEV.GTMC_XFOUNDATION_XREFERENCES.V_XREF_MSDF_BRICK_TO_CE_BRICK,CREST_DATA_DEV.GTMC_XFOUNDATION_XREFERENCES.V_XREF_MSDF_BRICK_TO_CE_BRICK,CREST_DATA_DEV
CREST_DATA_DEV.GTMC_ADAPT_TRANSFORMATIONS.DMT_MX_DDD_BASE_WIDE,CREST_DATA_DEV.GTMC_ADAPT_TRANSFORMATIONS.DMT_MX_DDD_BASE_WIDE,CREST_DATA_DEV
CREST_DATA_DEV.GTMC_ADAPT_TRANSFORMATIONS.V_CALENDAR_ADAPT_BR,CREST_DATA_DEV.GTMC_ADAPT_TRANSFORMATIONS.V_CALENDAR_ADAPT_BR,CREST_DATA_DEV
CREST_DATA_DEV.GTMC_ADAPT_TRANSFORMATIONS.V_CHANNEL_ADAPT_UKIE,CREST_DATA_DEV.GTMC_ADAPT_TRANSFORMATIONS.V_CHANNEL_ADAPT_UKIE,CREST_DATA_DEV
CREST_DATA_DEV.GTMC_ADAPT_TRANSFORMATIONS.V_PATIENT_ADAPT_UKIE,CREST_DATA_DEV.GTMC_ADAPT_TRANSFORMATIONS.V_PATIENT_ADAPT_UKIE,CREST_DATA_DEV
CREST_DATA_DEV.GTMC_ADAPT_TRANSFORMATIONS.V_XREF_ADAPT_LTM_GOB360_TO_HARMONIZED_LOCAL_BRAND,CREST_DATA_DEV.GTMC_ADAPT_TRANSFORMATIONS.V_XREF_ADAPT_LTM_GOB360_TO_HARMONIZED_LOCAL_BRAND,CREST_DATA_DEV
CREST_DATA_DEV.GTMC_ADAPT_TRANSFORMATIONS.V_SALES_AGGREGATION_ADAPT_BR,CREST_DATA_DEV.GTMC_ADAPT_TRANSFORMATIONS.V_SALES_AGGREGATION_ADAPT_BR,CREST_DATA_DEV
CREST_DATA_DEV.GTMC_ADAPT_TRANSFORMATIONS.V_SALES_SUBNATIONAL_ISP_ALL_ADAPT_BR,CREST_DATA_DEV.GTMC_ADAPT_TRANSFORMATIONS.V_SALES_SUBNATIONAL_ISP_ALL_ADAPT_BR,CREST_DATA_DEV
CREST_DATA_DEV.GTMC_ADAPT_TRANSFORMATIONS.V_XREF_ADAPT_UKIE_TFT_SOCIAL_TO_MOLECULE_LIST,CREST_DATA_DEV.GTMC_ADAPT_TRANSFORMATIONS.V_XREF_ADAPT_UKIE_TFT_SOCIAL_TO_MOLECULE_LIST,CREST_DATA_DEV
CREST_DATA_DEV.GTMC_ADAPT_TRANSFORMATIONS.V_XREF_MOLECULE_LIST_TO_LCL_MANUFACTURER_MX_UNIQUE,CREST_DATA_DEV.GTMC_ADAPT_TRANSFORMATIONS.V_XREF_MOLECULE_LIST_TO_LCL_MANUFACTURER_MX_UNIQUE,CREST_DATA_DEV
CREST_DATA_DEV.GTMC_CREST.V_LOCAL_MANUFACTURER_ONEPRODUCT,CREST_DATA_DEV.GTMC_CREST.V_LOCAL_MANUFACTURER_ONEPRODUCT,CREST_DATA_DEV
CREST_DATA_DEV.GTMC_CREST.V_SOURCE,CREST_DATA_DEV.GTMC_CREST.V_SOURCE,CREST_DATA_DEV
CREST_DATA_DEV.GTMC_ADAPT_TRANSFORMATIONS.V_XREF_ADAPT_UKIE_TFT_SALES_CEP_DAY_TO_SOURCE_SYSTEM_CD,CREST_DATA_DEV.GTMC_ADAPT_TRANSFORMATIONS.V_XREF_ADAPT_UKIE_TFT_SALES_CEP_DAY_TO_SOURCE_SYSTEM_CD,CREST_DATA_DEV
CREST_DATA_DEV.GTMC_CREST.V_HCO_TO_TERRITORY,CREST_DATA_DEV.GTMC_CREST.V_HCO_TO_TERRITORY,CREST_DATA_DEV
CREST_DATA_DEV.GTMC_CREST.V_SALES_ORDER,CREST_DATA_DEV.GTMC_CREST.V_SALES_ORDER,CREST_DATA_DEV
CREST_DATA_DEV.GTMC_MSDF_TRANSFORMATIONS.V_TEAM_TO_SANOFI_MARKETS_MSDF,CREST_DATA_DEV.GTMC_MSDF_TRANSFORMATIONS.V_TEAM_TO_SANOFI_MARKETS_MSDF,CREST_DATA_DEV
CREST_DATA_DEV.GTMC_ZAIDYN.V_RAW_SALES,CREST_DATA_DEV.GTMC_ZAIDYN.V_RAW_SALES,CREST_DATA_DEV
CREST_DATA_DEV.GTMC_ADAPT_TRANSFORMATIONS.V_XREF_ADAPT_LTM_GOB360_TO_CALENDAR,CREST_DATA_DEV.GTMC_ADAPT_TRANSFORMATIONS.V_XREF_ADAPT_LTM_GOB360_TO_CALENDAR,CREST_DATA_DEV
CREST_DATA_DEV.GTMC_CREST.V_SALES_SUBNATIONAL_ISP_ALL_MKTS,CREST_DATA_DEV.GTMC_CREST.V_SALES_SUBNATIONAL_ISP_ALL_MKTS,CREST_DATA_DEV
CREST_DATA_DEV.GTMC_ADAPT_TRANSFORMATIONS.V_GEOGRAPHY_SUBNATIONAL_ADAPT_BR,CREST_DATA_DEV.GTMC_ADAPT_TRANSFORMATIONS.V_GEOGRAPHY_SUBNATIONAL_ADAPT_BR,CREST_DATA_DEV
CREST_DATA_DEV.GTMC_ADAPT_TRANSFORMATIONS.V_PRODUCT_ISP_ALL_ADAPT_LTM_MX_DDD_BASE_WIDE,CREST_DATA_DEV.GTMC_ADAPT_TRANSFORMATIONS.V_PRODUCT_ISP_ALL_ADAPT_LTM_MX_DDD_BASE_WIDE,CREST_DATA_DEV
CREST_DATA_DEV.GTMC_ADAPT_TRANSFORMATIONS.V_PRODUCT_ISP_ALL_ADAPT_UKIE_TFT_SOCIAL,CREST_DATA_DEV.GTMC_ADAPT_TRANSFORMATIONS.V_PRODUCT_ISP_ALL_ADAPT_UKIE_TFT_SOCIAL,CREST_DATA_DEV
CREST_DATA_DEV.GTMC_ADAPT_TRANSFORMATIONS.V_XREF_ADAPT_LTM_GOB360_TO_SALES_EVENT_CLASSIFICATION,CREST_DATA_DEV.GTMC_ADAPT_TRANSFORMATIONS.V_XREF_ADAPT_LTM_GOB360_TO_SALES_EVENT_CLASSIFICATION,CREST_DATA_DEV
CREST_DATA_DEV.GTMC_ADAPT_TRANSFORMATIONS.V_XREF_ADAPT_LTM_MX_DDD_BASE_WIDE_TO_PRODUCT_ID_ISP_ALL,CREST_DATA_DEV.GTMC_ADAPT_TRANSFORMATIONS.V_XREF_ADAPT_LTM_MX_DDD_BASE_WIDE_TO_PRODUCT_ID_ISP_ALL,CREST_DATA_DEV
CREST_DATA_DEV.GTMC_ADAPT_TRANSFORMATIONS.V_XREF_ADAPT_UKIE_TFT_SOCIAL_TO_CHANNEL,CREST_DATA_DEV.GTMC_ADAPT_TRANSFORMATIONS.V_XREF_ADAPT_UKIE_TFT_SOCIAL_TO_CHANNEL,CREST_DATA_DEV
CREST_DATA_DEV.GTMC_ADAPT_TRANSFORMATIONS.V_XREF_ADAPT_UKIE_TFT_SOCIAL_TO_GLOBAL_CORPORATION,CREST_DATA_DEV.GTMC_ADAPT_TRANSFORMATIONS.V_XREF_ADAPT_UKIE_TFT_SOCIAL_TO_GLOBAL_CORPORATION,CREST_DATA_DEV
CREST_DATA_DEV.GTMC_ADAPT_TRANSFORMATIONS.V_XREF_ADAPT_UKIE_TFT_SOCIAL_TO_PRODUCT_ID_ISP_ALL,CREST_DATA_DEV.GTMC_ADAPT_TRANSFORMATIONS.V_XREF_ADAPT_UKIE_TFT_SOCIAL_TO_PRODUCT_ID_ISP_ALL,CREST_DATA_DEV
CREST_DATA_DEV.GTMC_CREST.V_DQ_SALES_IN_VALIDATION_PROMOTED_BRANDS,CREST_DATA_DEV.GTMC_CREST.V_DQ_SALES_IN_VALIDATION_PROMOTED_BRANDS,CREST_DATA_DEV
CREST_DATA_DEV.GTMC_CREST.V_FOUNDATION,CREST_DATA_DEV.GTMC_CREST.V_FOUNDATION,CREST_DATA_DEV
CREST_DATA_DEV.GTMC_CREST.V_TEAM_TO_CREST_MARKET_DEFINITIONS,CREST_DATA_DEV.GTMC_CREST.V_TEAM_TO_CREST_MARKET_DEFINITIONS,CREST_DATA_DEV
CREST_DATA_DEV.GTMC_MSDF_TRANSFORMATIONS.V_PRODUCT_ISP_ALL_COMM_SALES_INVOICE_PRODUCTS,CREST_DATA_DEV.GTMC_MSDF_TRANSFORMATIONS.V_PRODUCT_ISP_ALL_COMM_SALES_INVOICE_PRODUCTS,CREST_DATA_DEV
CREST_DATA_DEV.GTMC_ADAPT_TRANSFORMATIONS.V_XREF_ADAPT_LTM_GOB360_TO_PURCHASE_TYPE,CREST_DATA_DEV.GTMC_ADAPT_TRANSFORMATIONS.V_XREF_ADAPT_LTM_GOB360_TO_PURCHASE_TYPE,CREST_DATA_DEV
CREST_DATA_DEV.GTMC_ADAPT_TRANSFORMATIONS.V_XREF_ADAPT_UKIE_PATIENT_SALES_TO_BRAND,CREST_DATA_DEV.GTMC_ADAPT_TRANSFORMATIONS.V_XREF_ADAPT_UKIE_PATIENT_SALES_TO_BRAND,CREST_DATA_DEV
CREST_DATA_DEV.GTMC_ADAPT_TRANSFORMATIONS.V_XREF_ADAPT_UKIE_PATIENT_SALES_TO_CUSTOMER,CREST_DATA_DEV.GTMC_ADAPT_TRANSFORMATIONS.V_XREF_ADAPT_UKIE_PATIENT_SALES_TO_CUSTOMER,CREST_DATA_DEV
CREST_DATA_DEV.GTMC_ADAPT_TRANSFORMATIONS.V_XREF_ADAPT_UKIE_TFT_SALES_CEP_DAY_TO_ORDER_ITEM_CD,CREST_DATA_DEV.GTMC_ADAPT_TRANSFORMATIONS.V_XREF_ADAPT_UKIE_TFT_SALES_CEP_DAY_TO_ORDER_ITEM_CD,CREST_DATA_DEV
CREST_DATA_DEV.GTMC_ADAPT_TRANSFORMATIONS.V_XREF_ADAPT_UKIE_TFT_SOCIAL_TO_CUSTOMER,CREST_DATA_DEV.GTMC_ADAPT_TRANSFORMATIONS.V_XREF_ADAPT_UKIE_TFT_SOCIAL_TO_CUSTOMER,CREST_DATA_DEV
CREST_DATA_DEV.GTMC_CREST.V_TEAM_OCCP_BRAND_DISEASES,CREST_DATA_DEV.GTMC_CREST.V_TEAM_OCCP_BRAND_DISEASES,CREST_DATA_DEV
CREST_DATA_DEV.GTMC_MSDF_TRANSFORMATIONS.V_BRAND_MSDF,CREST_DATA_DEV.GTMC_MSDF_TRANSFORMATIONS.V_BRAND_MSDF,CREST_DATA_DEV
CREST_DATA_DEV.GTMC_MSDF_TRANSFORMATIONS.V_MDM_PRODUCTS_W_MISSING_ATC_CLSF_CD,CREST_DATA_DEV.GTMC_MSDF_TRANSFORMATIONS.V_MDM_PRODUCTS_W_MISSING_ATC_CLSF_CD,CREST_DATA_DEV
CREST_DATA_DEV.GTMC_MSDF_TRANSFORMATIONS.V_MDM_PRODUCTS_W_MISSING_MOLECULE_LISTS,CREST_DATA_DEV.GTMC_MSDF_TRANSFORMATIONS.V_MDM_PRODUCTS_W_MISSING_MOLECULE_LISTS,CREST_DATA_DEV
CREST_DATA_DEV.GTMC_MSDF_TRANSFORMATIONS.V_PRODUCT_ISP_ALL_NON_MDM_PRODUCTS_WO_BRND_NAMES_NHS,CREST_DATA_DEV.GTMC_MSDF_TRANSFORMATIONS.V_PRODUCT_ISP_ALL_NON_MDM_PRODUCTS_WO_BRND_NAMES_NHS,CREST_DATA_DEV
CREST_DATA_DEV.GTMC_ADAPT_TRANSFORMATIONS.V_XREF_ADAPT_UKIE_TFT_SALES_CEP_DAY_TO_COUNTRY,CREST_DATA_DEV.GTMC_ADAPT_TRANSFORMATIONS.V_XREF_ADAPT_UKIE_TFT_SALES_CEP_DAY_TO_COUNTRY,CREST_DATA_DEV
CREST_DATA_DEV.GTMC_CREST.V_CE_POSTAL_CODES,CREST_DATA_DEV.GTMC_CREST.V_CE_POSTAL_CODES,CREST_DATA_DEV
CREST_DATA_DEV.GTMC_ADAPT_TRANSFORMATIONS.V_ALIGNED_SALES_ADAPT_IT,CREST_DATA_DEV.GTMC_ADAPT_TRANSFORMATIONS.V_ALIGNED_SALES_ADAPT_IT,CREST_DATA_DEV
CREST_DATA_DEV.GTMC_ADAPT_TRANSFORMATIONS.V_ALIGNED_SALES_ADAPT_NPF_IT,CREST_DATA_DEV.GTMC_ADAPT_TRANSFORMATIONS.V_ALIGNED_SALES_ADAPT_NPF_IT,CREST_DATA_DEV
CREST_DATA_DEV.GTMC_ADAPT_TRANSFORMATIONS.V_DMT_SALES_IN_BY_HCO_TEAM_TERRITORY,CREST_DATA_DEV.GTMC_ADAPT_TRANSFORMATIONS.V_DMT_SALES_IN_BY_HCO_TEAM_TERRITORY,CREST_DATA_DEV
CREST_DATA_DEV.GTMC_ADAPT_TRANSFORMATIONS.V_PRODUCT_ISP_ALL_ADAPT_LTM_GOB360,CREST_DATA_DEV.GTMC_ADAPT_TRANSFORMATIONS.V_PRODUCT_ISP_ALL_ADAPT_LTM_GOB360,CREST_DATA_DEV
CREST_DATA_DEV.GTMC_ADAPT_TRANSFORMATIONS.V_XREF_ADAPT_BR_TO_CUSTOMER,CREST_DATA_DEV.GTMC_ADAPT_TRANSFORMATIONS.V_XREF_ADAPT_BR_TO_CUSTOMER,CREST_DATA_DEV
CREST_DATA_DEV.GTMC_ADAPT_TRANSFORMATIONS.V_XREF_ADAPT_BR_TO_GEOGRAPHY_SUBNATIONAL,CREST_DATA_DEV.GTMC_ADAPT_TRANSFORMATIONS.V_XREF_ADAPT_BR_TO_GEOGRAPHY_SUBNATIONAL,CREST_DATA_DEV
CREST_DATA_DEV.GTMC_ADAPT_TRANSFORMATIONS.V_XREF_ADAPT_LATAM_TO_SALES_SUBNATIONAL_ISP_ALL,CREST_DATA_DEV.GTMC_ADAPT_TRANSFORMATIONS.V_XREF_ADAPT_LATAM_TO_SALES_SUBNATIONAL_ISP_ALL,CREST_DATA_DEV
CREST_DATA_DEV.GTMC_ADAPT_TRANSFORMATIONS.V_XREF_ADAPT_LTM_MX_DDD_BASE_WIDE_TO_SALES_SUBNATIONAL_ISP_ALL,CREST_DATA_DEV.GTMC_ADAPT_TRANSFORMATIONS.V_XREF_ADAPT_LTM_MX_DDD_BASE_WIDE_TO_SALES_SUBNATIONAL_ISP_ALL,CREST_DATA_DEV
CREST_DATA_DEV.GTMC_ADAPT_TRANSFORMATIONS.V_XREF_ADAPT_UKIE_PATIENT_SALES_TO_PATIENT,CREST_DATA_DEV.GTMC_ADAPT_TRANSFORMATIONS.V_XREF_ADAPT_UKIE_PATIENT_SALES_TO_PATIENT,CREST_DATA_DEV
CREST_DATA_DEV.GTMC_ADAPT_TRANSFORMATIONS.V_XREF_ADAPT_UKIE_TFT_SALES_CEP_DAY_TO_ORDER_CD,CREST_DATA_DEV.GTMC_ADAPT_TRANSFORMATIONS.V_XREF_ADAPT_UKIE_TFT_SALES_CEP_DAY_TO_ORDER_CD,CREST_DATA_DEV
CREST_DATA_DEV.GTMC_ADAPT_TRANSFORMATIONS.V_XREF_ADAPT_UKIE_TO_LOCAL_MANUFACTURER,CREST_DATA_DEV.GTMC_ADAPT_TRANSFORMATIONS.V_XREF_ADAPT_UKIE_TO_LOCAL_MANUFACTURER,CREST_DATA_DEV
CREST_DATA_DEV.GTMC_MSDF_TRANSFORMATIONS.V_NON_MDM_PRODUCTS_W_MISSING_ATC_CLSF_CD,CREST_DATA_DEV.GTMC_MSDF_TRANSFORMATIONS.V_NON_MDM_PRODUCTS_W_MISSING_ATC_CLSF_CD,CREST_DATA_DEV
CREST_DATA_DEV.GTMC_ADAPT_TRANSFORMATIONS.V_XREF_ADAPT_UKIE_PATIENT_SALES_TO_CHANNEL,CREST_DATA_DEV.GTMC_ADAPT_TRANSFORMATIONS.V_XREF_ADAPT_UKIE_PATIENT_SALES_TO_CHANNEL,CREST_DATA_DEV
CREST_DATA_DEV.GTMC_ADAPT_TRANSFORMATIONS.V_XREF_ADAPT_UKIE_TO_MOLECULE_LIST,CREST_DATA_DEV.GTMC_ADAPT_TRANSFORMATIONS.V_XREF_ADAPT_UKIE_TO_MOLECULE_LIST,CREST_DATA_DEV
CREST_DATA_DEV.GTMC_CREST.V_DMT_SALES_IN_TEAM_CONTROL_TOTALS,CREST_DATA_DEV.GTMC_CREST.V_DMT_SALES_IN_TEAM_CONTROL_TOTALS,CREST_DATA_DEV
CREST_DATA_DEV.GTMC_MSDF_TRANSFORMATIONS.V_TEAM_TO_MARKETS_MSDF,CREST_DATA_DEV.GTMC_MSDF_TRANSFORMATIONS.V_TEAM_TO_MARKETS_MSDF,CREST_DATA_DEV
CREST_DATA_DEV.GTMC_ADAPT_TRANSFORMATIONS.V_XREF_ADAPT_LTM_GOB360_TO_CHANNEL,CREST_DATA_DEV.GTMC_ADAPT_TRANSFORMATIONS.V_XREF_ADAPT_LTM_GOB360_TO_CHANNEL,CREST_DATA_DEV
CREST_DATA_DEV.GTMC_ADAPT_TRANSFORMATIONS.V_XREF_ADAPT_UKIE_TFT_SOCIAL_TO_ATC4,CREST_DATA_DEV.GTMC_ADAPT_TRANSFORMATIONS.V_XREF_ADAPT_UKIE_TFT_SOCIAL_TO_ATC4,CREST_DATA_DEV
CREST_DATA_DEV.GTMC_CREST.V_DMT_SALES_IN_ACTIVE_CREST_BRAND_DISEASE,CREST_DATA_DEV.GTMC_CREST.V_DMT_SALES_IN_ACTIVE_CREST_BRAND_DISEASE,CREST_DATA_DEV
CREST_DATA_DEV.GTMC_ADAPT_TRANSFORMATIONS.V_SALES_SUBNATIONAL_ISP_ALL_MKTS_ADAPT,CREST_DATA_DEV.GTMC_ADAPT_TRANSFORMATIONS.V_SALES_SUBNATIONAL_ISP_ALL_MKTS_ADAPT,CREST_DATA_DEV
CREST_DATA_DEV.GTMC_ADAPT_TRANSFORMATIONS.V_TEAM_TO_SANOFI_MARKETS_ADAPT,CREST_DATA_DEV.GTMC_ADAPT_TRANSFORMATIONS.V_TEAM_TO_SANOFI_MARKETS_ADAPT,CREST_DATA_DEV
CREST_DATA_DEV.GTMC_ADAPT_TRANSFORMATIONS.V_XREF_ADAPT_UKIE_PATIENT_SALES_TO_HARMONIZED_LOCAL_BRAND,CREST_DATA_DEV.GTMC_ADAPT_TRANSFORMATIONS.V_XREF_ADAPT_UKIE_PATIENT_SALES_TO_HARMONIZED_LOCAL_BRAND,CREST_DATA_DEV
CREST_DATA_DEV.GTMC_ADAPT_TRANSFORMATIONS.V_XREF_ADAPT_UKIE_PATIENT_SALES_TO_LOCAL_BRAND,CREST_DATA_DEV.GTMC_ADAPT_TRANSFORMATIONS.V_XREF_ADAPT_UKIE_PATIENT_SALES_TO_LOCAL_BRAND,CREST_DATA_DEV
CREST_DATA_DEV.GTMC_ADAPT_TRANSFORMATIONS.V_XREF_ADAPT_UKIE_TFT_SOCIAL_TO_LOCAL_MANUFACTURER,CREST_DATA_DEV.GTMC_ADAPT_TRANSFORMATIONS.V_XREF_ADAPT_UKIE_TFT_SOCIAL_TO_LOCAL_MANUFACTURER,CREST_DATA_DEV
CREST_DATA_DEV.GTMC_CREST.V_CALENDAR,CREST_DATA_DEV.GTMC_CREST.V_CALENDAR,CREST_DATA_DEV
CREST_DATA_DEV.GTMC_CREST.V_DMT_SALES_IN_ACTIVE_CREST_TEAMS_TO_TERRITORY,CREST_DATA_DEV.GTMC_CREST.V_DMT_SALES_IN_ACTIVE_CREST_TEAMS_TO_TERRITORY,CREST_DATA_DEV
CREST_DATA_DEV.GTMC_ADAPT_TRANSFORMATIONS.V_XREF_ADAPT_UKIE_TFT_SOCIAL_TO_HARMONIZED_LOCAL_BRAND,CREST_DATA_DEV.GTMC_ADAPT_TRANSFORMATIONS.V_XREF_ADAPT_UKIE_TFT_SOCIAL_TO_HARMONIZED_LOCAL_BRAND,CREST_DATA_DEV
CREST_DATA_DEV.GTMC_CREST.V_SALES_AGGREGATION,CREST_DATA_DEV.GTMC_CREST.V_SALES_AGGREGATION,CREST_DATA_DEV
CREST_DATA_DEV.GTMC_MSDF_TRANSFORMATIONS.V_NON_MDM_PRODUCTS_W_MISSING_MOLECULE_LISTS,CREST_DATA_DEV.GTMC_MSDF_TRANSFORMATIONS.V_NON_MDM_PRODUCTS_W_MISSING_MOLECULE_LISTS,CREST_DATA_DEV
CREST_DATA_DEV.GTMC_MSDF_TRANSFORMATIONS.V_TEAM_TO_MARKETS,CREST_DATA_DEV.GTMC_MSDF_TRANSFORMATIONS.V_TEAM_TO_MARKETS,CREST_DATA_DEV
CREST_DATA_DEV.GTMC_MSDF_TRANSFORMATIONS.V_TEAM_TO_MARKETS_MSDF_CANDIDATES,CREST_DATA_DEV.GTMC_MSDF_TRANSFORMATIONS.V_TEAM_TO_MARKETS_MSDF_CANDIDATES,CREST_DATA_DEV
CREST_DATA_DEV.GTMC_MSDF_TRANSFORMATIONS.V_XREF_BRICKS_FR_TO_TEAM_TERRITORIES,CREST_DATA_DEV.GTMC_MSDF_TRANSFORMATIONS.V_XREF_BRICKS_FR_TO_TEAM_TERRITORIES,CREST_DATA_DEV
CREST_DATA_DEV.GTMC_SANDBOX.V_GEO_CODE_BR,CREST_DATA_DEV.GTMC_SANDBOX.V_GEO_CODE_BR,CREST_DATA_DEV
CREST_DATA_DEV.GTMC_ZAIDYN.V_GEO_CODE,CREST_DATA_DEV.GTMC_ZAIDYN.V_GEO_CODE,CREST_DATA_DEV
CREST_DATA_DEV.GTMC_ADAPT_TRANSFORMATIONS.V_XREF_ADAPT_UKIE_TFT_SALES_CEP_DAY_TO_CUSTOMER_CD,CREST_DATA_DEV.GTMC_ADAPT_TRANSFORMATIONS.V_XREF_ADAPT_UKIE_TFT_SALES_CEP_DAY_TO_CUSTOMER_CD,CREST_DATA_DEV
CREST_DATA_DEV.GTMC_ADAPT_TRANSFORMATIONS.V_CHANNEL_ADAPT_BR,CREST_DATA_DEV.GTMC_ADAPT_TRANSFORMATIONS.V_CHANNEL_ADAPT_BR,CREST_DATA_DEV
CREST_DATA_DEV.GTMC_ADAPT_TRANSFORMATIONS.V_DMT_MX_GOB360_BASE_WIDE,CREST_DATA_DEV.GTMC_ADAPT_TRANSFORMATIONS.V_DMT_MX_GOB360_BASE_WIDE,CREST_DATA_DEV
CREST_DATA_DEV.GTMC_ADAPT_TRANSFORMATIONS.V_XREF_ADAPT_LTM_MX_DDD_BASE_WIDE_TO_GEOGRAPHY_SUBNATIONAL,CREST_DATA_DEV.GTMC_ADAPT_TRANSFORMATIONS.V_XREF_ADAPT_LTM_MX_DDD_BASE_WIDE_TO_GEOGRAPHY_SUBNATIONAL,CREST_DATA_DEV
CREST_DATA_DEV.GTMC_ADAPT_TRANSFORMATIONS.V_XREF_ADAPT_UKIE_PATIENT_SALES_TO_LOCAL_MANUFACTURER,CREST_DATA_DEV.GTMC_ADAPT_TRANSFORMATIONS.V_XREF_ADAPT_UKIE_PATIENT_SALES_TO_LOCAL_MANUFACTURER,CREST_DATA_DEV
CREST_DATA_DEV.GTMC_ADAPT_TRANSFORMATIONS.V_XREF_ADAPT_UKIE_TFT_SALES_CEP_DAY_TO_GMID_ID,CREST_DATA_DEV.GTMC_ADAPT_TRANSFORMATIONS.V_XREF_ADAPT_UKIE_TFT_SALES_CEP_DAY_TO_GMID_ID,CREST_DATA_DEV
CREST_DATA_DEV.GTMC_ADAPT_TRANSFORMATIONS.V_XREF_ADAPT_UKIE_TFT_SOCIAL_TO_COUNTRY,CREST_DATA_DEV.GTMC_ADAPT_TRANSFORMATIONS.V_XREF_ADAPT_UKIE_TFT_SOCIAL_TO_COUNTRY,CREST_DATA_DEV
CREST_DATA_DEV.GTMC_ADAPT_TRANSFORMATIONS.V_XREF_MOLECULE_LIST_TO_GBL_CORP_MX_UNIQUE,CREST_DATA_DEV.GTMC_ADAPT_TRANSFORMATIONS.V_XREF_MOLECULE_LIST_TO_GBL_CORP_MX_UNIQUE,CREST_DATA_DEV
CREST_DATA_DEV.GTMC_MSDF_TRANSFORMATIONS.V_PRODUCT_ISP_ALL_NON_MDM_PRODUCTS_W_BRND_NAMES,CREST_DATA_DEV.GTMC_MSDF_TRANSFORMATIONS.V_PRODUCT_ISP_ALL_NON_MDM_PRODUCTS_W_BRND_NAMES,CREST_DATA_DEV
CREST_DATA_DEV.GTMC_ADAPT_TRANSFORMATIONS.V_GEOGRAPHY_SUBNATIONAL_ADAPT_UKIE,CREST_DATA_DEV.GTMC_ADAPT_TRANSFORMATIONS.V_GEOGRAPHY_SUBNATIONAL_ADAPT_UKIE,CREST_DATA_DEV
CREST_DATA_DEV.GTMC_ADAPT_TRANSFORMATIONS.V_SALES_SUBNATIONAL_ISP_ALL_ADAPT,CREST_DATA_DEV.GTMC_ADAPT_TRANSFORMATIONS.V_SALES_SUBNATIONAL_ISP_ALL_ADAPT,CREST_DATA_DEV
CREST_DATA_DEV.GTMC_ADAPT_TRANSFORMATIONS.V_SALES_SUBNATIONAL_ISP_ALL_ADAPT_LTM,CREST_DATA_DEV.GTMC_ADAPT_TRANSFORMATIONS.V_SALES_SUBNATIONAL_ISP_ALL_ADAPT_LTM,CREST_DATA_DEV
CREST_DATA_DEV.GTMC_ADAPT_TRANSFORMATIONS.V_XREF_ADAPT_LTM_GOB360_TO_PRODUCT_ID_ISP_ALL,CREST_DATA_DEV.GTMC_ADAPT_TRANSFORMATIONS.V_XREF_ADAPT_LTM_GOB360_TO_PRODUCT_ID_ISP_ALL,CREST_DATA_DEV
CREST_DATA_DEV.GTMC_ADAPT_TRANSFORMATIONS.V_XREF_ADAPT_LTM_GOB360_TO_SALES_SUBNATIONAL_ISP_ALL,CREST_DATA_DEV.GTMC_ADAPT_TRANSFORMATIONS.V_XREF_ADAPT_LTM_GOB360_TO_SALES_SUBNATIONAL_ISP_ALL,CREST_DATA_DEV
CREST_DATA_DEV.GTMC_ADAPT_TRANSFORMATIONS.V_XREF_ADAPT_LTM_MX_DDD_BASE_WIDE_TO_HARMONIZED_GLOBAL_PRODUCT,CREST_DATA_DEV.GTMC_ADAPT_TRANSFORMATIONS.V_XREF_ADAPT_LTM_MX_DDD_BASE_WIDE_TO_HARMONIZED_GLOBAL_PRODUCT,CREST_DATA_DEV
CREST_DATA_DEV.GTMC_ADAPT_TRANSFORMATIONS.V_XREF_ADAPT_UKIE_PATIENT_SALES_TO_HARMONIZED_GLOBAL_PRODUCT,CREST_DATA_DEV.GTMC_ADAPT_TRANSFORMATIONS.V_XREF_ADAPT_UKIE_PATIENT_SALES_TO_HARMONIZED_GLOBAL_PRODUCT,CREST_DATA_DEV
CREST_DATA_DEV.GTMC_CREST.DIM_UNIQUE_HCO,CREST_DATA_DEV.GTMC_CREST.DIM_UNIQUE_HCO,CREST_DATA_DEV
CREST_DATA_DEV.GTMC_CREST.V_PATIENT,CREST_DATA_DEV.GTMC_CREST.V_PATIENT,CREST_DATA_DEV
CREST_DATA_DEV.GTMC_ADAPT_TRANSFORMATIONS.V_XREF_ADAPT_LTM_GOB360_TO_GEOGRAPHY_SUBNATIONAL,CREST_DATA_DEV.GTMC_ADAPT_TRANSFORMATIONS.V_XREF_ADAPT_LTM_GOB360_TO_GEOGRAPHY_SUBNATIONAL,CREST_DATA_DEV
CREST_DATA_DEV.GTMC_ADAPT_TRANSFORMATIONS.V_XREF_ADAPT_LTM_GOB360_TO_PROVIDER,CREST_DATA_DEV.GTMC_ADAPT_TRANSFORMATIONS.V_XREF_ADAPT_LTM_GOB360_TO_PROVIDER,CREST_DATA_DEV
CREST_DATA_DEV.GTMC_ADAPT_TRANSFORMATIONS.V_XREF_ADAPT_UKIE_TFT_SALES_CEP_DAY_TO_CALENDAR,CREST_DATA_DEV.GTMC_ADAPT_TRANSFORMATIONS.V_XREF_ADAPT_UKIE_TFT_SALES_CEP_DAY_TO_CALENDAR,CREST_DATA_DEV
CREST_DATA_DEV.GTMC_CREST.V_DQ_SALES_IN_VALIDATION,CREST_DATA_DEV.GTMC_CREST.V_DQ_SALES_IN_VALIDATION,CREST_DATA_DEV
CREST_DATA_DEV.GTMC_CREST.V_PRODUCT_MARKET_ISP_ALL,CREST_DATA_DEV.GTMC_CREST.V_PRODUCT_MARKET_ISP_ALL,CREST_DATA_DEV
CREST_DATA_DEV.GTMC_CREST.V_TEAM_TO_SANOFI_MARKETS,CREST_DATA_DEV.GTMC_CREST.V_TEAM_TO_SANOFI_MARKETS,CREST_DATA_DEV
CREST_DATA_DEV.GTMC_MSDF_TRANSFORMATIONS.V_CANDIDATE_FRENCH_TEAM_BRICKS,CREST_DATA_DEV.GTMC_MSDF_TRANSFORMATIONS.V_CANDIDATE_FRENCH_TEAM_BRICKS,CREST_DATA_DEV
CREST_DATA_DEV.GTMC_MSDF_TRANSFORMATIONS.V_FACT_TEAM,CREST_DATA_DEV.GTMC_MSDF_TRANSFORMATIONS.V_FACT_TEAM,CREST_DATA_DEV
CREST_DATA_DEV.GTMC_MSDF_TRANSFORMATIONS.V_PRODUCT_MARKET_ISP_ALL_MSDF,CREST_DATA_DEV.GTMC_MSDF_TRANSFORMATIONS.V_PRODUCT_MARKET_ISP_ALL_MSDF,CREST_DATA_DEV
CREST_DATA_DEV.GTMC_MSDF_TRANSFORMATIONS.V_SALES_SUBNATIONAL_ISP_ALL_MKTS_MSDF,CREST_DATA_DEV.GTMC_MSDF_TRANSFORMATIONS.V_SALES_SUBNATIONAL_ISP_ALL_MKTS_MSDF,CREST_DATA_DEV
CREST_DATA_DEV.GTMC_MSDF_TRANSFORMATIONS.V_XREF_ATC_CLSF_CD_TO_WW_MARKETS_UNIQUE,CREST_DATA_DEV.GTMC_MSDF_TRANSFORMATIONS.V_XREF_ATC_CLSF_CD_TO_WW_MARKETS_UNIQUE,CREST_DATA_DEV
CREST_DATA_DEV.GTMC_XFOUNDATION_XREFERENCES.V_XREF_CE_LOCAL_BRAND_NAME_TO_MSDF_HARMONIZED_LOCAL_BRAND,CREST_DATA_DEV.GTMC_XFOUNDATION_XREFERENCES.V_XREF_CE_LOCAL_BRAND_NAME_TO_MSDF_HARMONIZED_LOCAL_BRAND,CREST_DATA_DEV
CREST_DATA_DEV.GTMC_ZAIDYN.V_TEAM,CREST_DATA_DEV.GTMC_ZAIDYN.V_TEAM,CREST_DATA_DEV
CREST_DATA_DEV.GTMC_MSDF_TRANSFORMATIONS.V_CREST_MSDF_PRIORITY_MARKET_RECORDS,CREST_DATA_DEV.GTMC_MSDF_TRANSFORMATIONS.V_CREST_MSDF_PRIORITY_MARKET_RECORDS,CREST_DATA_DEV
